ASV,IDRemove,Row.names,x,Phylum,Class,Order,Family,Genus,Species,Confidence,fasta
ASV1001,LactobacillusASV1001S,bf3670b3332a678ff57eedb66e5994f4,TTGTCCGGATTTATTGGGCGTAAATGTAACGCAGGCGGTCTTTTAAGTCTGATGTGAAAGCCTTCGGCTTAACCGGAGTAGTGCATTGGAAACTGGAAGACTTGAGTGCAGAAGAGGAGAGTGGAACTCCATGTGTAGCGGTGAAATGCGTAGATATATGGAAGAACACCAGTGGCGAAAGCGGCTCTCTGGTCTGTAACTGACGCTGAGGTTCGA,Firmicutes,Bacilli,Lactobacillales,Lactobacillaceae,Lactobacillus,Lactobacillus,0.9999983,>bf3670b3332a678ff57eedb66e5994f4
ASV1022,LactobacillusASV1022S,d84c195954ab1a80415f070530b51530,TTATCCGGATTTATTGGGCGTAAAGCGAGCGCAGGCGGTTTGATAAGTCTGATGTGAAAGCCTTTGGCTTAACCAAAGAAGTGCATCGGAAACTGTCAGACTTGAGTGCAGAAGAGGACAGTGGAACTACATGTGTAGCGGTGGAATGCGTAGATATATGGAAGAACACCAGTGGCGAAGGCGGCTGTCTGGTCTGCAACTGACGCTGAGGCTCGA,Firmicutes,Bacilli,Lactobacillales,Lactobacillaceae,Lactobacillus,Lactobacillus mucosae,0.7547613,>d84c195954ab1a80415f070530b51530
ASV1029,MycoplasmaASV1029S,1cef1af1da3cfecd641ea0f5350045f1,TTATCCGGAATTATTGGGCGTAAAGCGTCTGTAGGTTGTATGTTAAGTCTGGCGTGAAAACTTGGGGCTCAACCCCAAATTGCGTTGGATACTGGCATGCTAGAATTGTGTAGAGGTTAGCGGAATTCCTAGTGAAGCGGTGAAATGCGTAGATATTAGGAAGAACACCAATTTGGCGAAGGCAGCCAACTGGGCACATATTGACACTGAGAGACG,Tenericutes,Mollicutes,Mycoplasmatales,Mycoplasmataceae,Mycoplasma,Mycoplasma bovirhinis,0.9487791,>1cef1af1da3cfecd641ea0f5350045f1
ASV1032,LactobacillusASV1032S,bda9dee15511c963934ce6df38199ff5,TTGTCCGGATTTATTGGGCGTAAAGCGAGCGCAGGCGGAAAAATAAGTCTAATGTGAAAGCCCTCGGCTTAACCGAGGAACTGCATCGGAAACTGTTTTTCTTGAGTGCAGAAGAGGAGAGTGGAACTCCATGTGTAGTGGTGGAATGCGTAGATATATGGAAGAACACCAGTGGCGAAGGCGGCTCTCTGGTCTGCAACTGACGCTGAGGCTCGA,Firmicutes,Bacilli,Lactobacillales,Lactobacillaceae,Lactobacillus,Lactobacillus,0.999999,>bda9dee15511c963934ce6df38199ff5
ASV104,LactobacillusASV104S,57273d2a5270403accecdd7ad85d0565,TTATCCGGATTTATTGGGCGTAAAGCGAGCACAGGCGGTTGCTTAGGTCTGATGTGAAAGCCTTCGGCTTAACCGAAGAAGGGCATCGGAAACCGGGCGACTTGAGTGCAGAAGAGGACAGTGGAACTCCATGTGTAGCGGTGGAATGCGTAGATATATGGAAGAACACCAGTGGCGAAGGCGGCTGTCTGGTCTGCAACTGACGCTGAGGCTCGA,Firmicutes,Bacilli,Lactobacillales,Lactobacillaceae,Lactobacillus,Lactobacillus vaginalis,0.7554938,>57273d2a5270403accecdd7ad85d0565
ASV1060,LactobacillusASV1060S,34d505b162fedc9d8529d2525759ad5e,TTATCCGGATTTATTGGGCGTAAAGGGAACGCAGGCGGTCTTTTAAGTCTGATGTGAAAGCCTTCGGCTTAACCGGAGTAGTGCATTGGAAACTGGGAGACTTGAGTGCAGAAGAGGAGAGTGGAACTCCATGTGTAGCGGTGAAATGCGTAGATATATGGAAGAACACCAGTGGCGAAAGCGGCTCTCTGGTCTGTAACTGACGCTGAGGTTCGA,Firmicutes,Bacilli,Lactobacillales,Lactobacillaceae,Lactobacillus,Lactobacillus murinus,0.8637374,>34d505b162fedc9d8529d2525759ad5e
ASV1111,EscherichiaShigellaASV1111S,1df8867851d9f838d2a6b25f14a1422c,TTAATCGGAATTACTGGGCGTAAAGCGCACGCAGGCGGTTTGTCAAGTCAGATGTGAAATCCCCGGGCTCAACCTGGGAACTGCATCTGATACTGGCAAGCTTGAGTCTCGTAGAGGGGGGTAGAATTCCAGGTGTAGCGGTGAAATGCGTAGAGATCTGGAGGAATACCGGTGGCGAAGGCGGCCCCCTGGACGAAGACTGACGCTCAGGTGCGA,Proteobacteria,Gammaproteobacteria,Enterobacteriales,Enterobacteriaceae,Escherichia-Shigella,Escherichia-Shigella,0.985746,>1df8867851d9f838d2a6b25f14a1422c
ASV1141,MannheimiaASV1141S,95e126897a44ba13c1c52eb690e652b8,TTAATCGGAATAACTGGGCGTAAAGGGCACGCAGGCGGTTGTTTAAGTGGGATGTGAAAGCCCCGGGCTTAACCTGGGAATTGCATTTCAGACTGGACAACTAGAGTACTTTAGGGAGGGGTAGAATTCCACGTGTAGCGGTGAAATGCGTAGAGATGTGGAGGAATACCGAAGGCGAAGGCAGCCCCTTGGGAATGTACTGACGCTCATGTGCGA,Proteobacteria,Gammaproteobacteria,Pasteurellales,Pasteurellaceae,Mannheimia,Mannheimia,0.8810902,>95e126897a44ba13c1c52eb690e652b8
ASV1142,LactobacillusASV1142S,430db678027819b371aa04fcd2058323,TTATCCGGATTTATTGGGCGTAAAGCGAGCGCAGGCGGTTGCTTAGGTCTTATGTGAAAGCCTTCGGCTTAACCGAAGAAGTGCATCGGAAACCGGGCGACTTGAGTGCAGAAGAGGACAGTGGAACTCCATGTGTAGCGGTGGAATGCGTAGATATATGGAAGAACACCAGTGGCGAAGGCGGCTGTCTGGTCTGCAACTGACGCTGAGGCTCGA,Firmicutes,Bacilli,Lactobacillales,Lactobacillaceae,Lactobacillus,Lactobacillus,0.9999923,>430db678027819b371aa04fcd2058323
ASV1146,LactobacillusASV1146S,f7c5f11a11c7a411ab7e671512a20a06,TTGTCCGGATTTATTGGGCGTAAAGCGAGCGCAGGCGGAAAGATAAGTCTGAAGTGAAAGCCCCCGGCTTAACCGGGGAACTGCTTCGGAAACTGTCCTTCTTGAGTGCAGAAGAGGAGAGTGGAACTCCATGTGTAGCGGTGGAATGCGTAGATATATGGAAGAACACCAGTGGCGAAGGCGGCTCTCTGGTCTGCAACTGACGCTGAGGCTCGA,Firmicutes,Bacilli,Lactobacillales,Lactobacillaceae,Lactobacillus,Lactobacillus,0.9999997,>f7c5f11a11c7a411ab7e671512a20a06
ASV1154,LactobacillusASV1154S,76f9d8a99507511b6d5aac13ebcd3e8f,TTATCCGGATTTATTGGGCGTAAAGCGAGCGCAGGCGGTTTTCTAAGTCTGATGTGAAAGCCTTCGGCTTAACCGAAGAAGTGCATCGGAAACTGGATGACTTGAGTGCAGAAGAGGGCAGTGGAACTCCATGTGTAGCGGTGGAATGCGTAGATATATGGAAGAACACCAGTGGCGAAGGCGGCTGCCTGGTCTGTAACTGACGCTGAGGCTCGA,Firmicutes,Bacilli,Lactobacillales,Lactobacillaceae,Lactobacillus,Lactobacillus ingluviei,0.9783557,>76f9d8a99507511b6d5aac13ebcd3e8f
ASV117,LactobacillusASV117S,e42a5855d12d4abc42f747a6e9385023,TTGTCCTGATTTATTGGGCGTAAAGAGAGTGCAGGCGGTTCAATAAGTCTGATGTGAAAGCCTTCGGCTCAACCGGAGAATTGCATCAGAAACTGTTGAACTTGAGTGCAGAAGAGGAGAGTGGAACTCCATGTGTAGCGGTGGAATGCGTAGATATATGGAAGAACACCAGTGGCGAAGGCGGCTCTCTGGTCTGCAACTGACGCTGAGGCTCGA,Firmicutes,Bacilli,Lactobacillales,Lactobacillaceae,Lactobacillus,Lactobacillus,0.9999999,>e42a5855d12d4abc42f747a6e9385023
ASV1173,LactobacillusASV1173S,e769666a3858902a6f42570a2a72319c,TTATCCGGATTTATTGGGCGTAAAGCGAGCGCAGGCGGTTGCTTAGGTCTGATGTGAAAGCCTTCGGCTTAACCGAAGAAGTGCATCGGAAACCGGGCAACTTGAGTGCAGAAGAGGACAGTGGAACTCCATGTGTAGCGGTGGAATGCGTAGATATATGGAAGAACACCAGTGGCGAAGGCGGCTGTCTGGTCTGCAACTGACGCTGAGGCTCGA,Firmicutes,Bacilli,Lactobacillales,Lactobacillaceae,Lactobacillus,Lactobacillus,0.9999951,>e769666a3858902a6f42570a2a72319c
ASV1214,LactobacillusASV1214S,ddb854872793e7ff181f3031de3cdca5,TTATCCGGATTTATTGGGCGTAAAGCGAGCGCAGGCGGTTGCTTAGGTCTGATGTGAAAGCCTTCGGCTTAACCGAAGAAGTGCATCGGAAACCGGGCGACTTGGGTGCAGAAGAGGACAGTGGAACTCCATGTGTAGCGGTGGAATGCGTAGATATATGGAAGAACACCAGTGGCGAAGGCGGCTGTCTGGTCTGCAACTGACGCTGAGGCTCGA,Firmicutes,Bacilli,Lactobacillales,Lactobacillaceae,Lactobacillus,Lactobacillus,0.9999982,>ddb854872793e7ff181f3031de3cdca5
ASV1215,Clostridiumsensustricto14ASV1215S,671038e738b66b16c99174a8b370c34d,TTGTCCGGATTTACTGGGCGTAAAGGGAGCGTAGGTGGATATTTAAGTGGGATGTGAAATACTCGGGCTTAACCTGGGTGCTGCATTCCAAACTGGATATCTAGAGTGCAGGAGAGGAAAGTAGAATTCCTAGTGTAGCGGTGAAATGCGTAGAAATTAGGAAGAATACCAGTGGCGAAGGCGACTTTCTGGACTGTAACTGACACTGAGGCTCGA,Firmicutes,Clostridia,Clostridiales,Clostridiaceae 1,Clostridium sensu stricto 1,Clostridium sensu stricto 1,0.9999864,>671038e738b66b16c99174a8b370c34d
ASV1242,MycoplasmaASV1242S,096c0c545ea45ffdc4a912dab89f01be,TTATCCGGAATTATTGGGCGTAAAGCGTCCGTAGGTTTTTTGTTAAGTTTAAGGTCAAATGCTAAAGCTCAACTTTAGTCCGCTTTAGATACTGGCAAAATAGAATTATGAAGAGGTTAGCGGAATTCCTAGTGGAGCGGTGGAATGCGTAGATATTAGGAAGAACACCAATAGGCGAAGGCAGCTAACTGGTCATATATTGACACTAAGGGACGA,Tenericutes,Mollicutes,Mycoplasmatales,Mycoplasmataceae,Mycoplasma,Mycoplasma dispar,0.9797943,>096c0c545ea45ffdc4a912dab89f01be
ASV1250,LactobacillusASV1250S,9543e4d6b5563869048acab58f991e5e,TTGTCCGGATTTATTGGGCGTAAAGCGAGTGCAGGCGGTTCAATAAGTCTGATGTGAAAGCCTTCGGCTCAACCGTAGAATTGCATCAGAAACTGTTGAACTTGAGTGCAGAAGAGGAGAGTGGAACTCCATGTGTAGCGGTGGAATGCGTAGATATATGGAAGAACACCAGTGGCGAAGGCGGCTCTCTGGTCTGCAACTGACGCTGAGGCTCGA,Firmicutes,Bacilli,Lactobacillales,Lactobacillaceae,Lactobacillus,Lactobacillus,0.9999999,>9543e4d6b5563869048acab58f991e5e
ASV1270,LactobacillusASV1270S,63fa0683a3b6922fd35455984e5377ed,TTGTCCGGATTTATTGGGCGTAAAGCGAGTGCAGGCGGTTCAATAAGTCTGATGTGAAAGCCTTCGGCTCAACCGGAGAATTGCATCAGAAACTGTTGAACTTGAGTGCAGAAGAGGAGAGTGGAACTCCATGTGTAGCGGTGGAATTCGTAGATATATGGAAGAACACCAGTGGCGAAGGCGGCTCTCTGGTCTGCAACTGACGCTGAGGCTCGA,Firmicutes,Bacilli,Lactobacillales,Lactobacillaceae,Lactobacillus,Lactobacillus,1,>63fa0683a3b6922fd35455984e5377ed
ASV1285,LactobacillusASV1285S,f97758179ed127a39748d6b0c10762e6,TTGTCCGGATTTATTGGGCGTAAAGCGAGCGCAGGCGGAAGAATAAGTCTGATGTGAAAGCCCTCGGCTTAACCGAGGAACTGCATCGGAAACTGTTTTTCTTGAGTGCAGAAGAGGAGAGTGGAATTCCATGTGTAGCGGTGGAATGCGTAGATATATGGAAGAACACCAGTGGCGAAGGCGACTCTCTGGTCTGCAACTGACGCTGAGGCTCGA,Firmicutes,Bacilli,Lactobacillales,Lactobacillaceae,Lactobacillus,Lactobacillus helveticus,0.8567138,>f97758179ed127a39748d6b0c10762e6
ASV1299,LactobacillusASV1299S,1485ccdfd822c7f145f97bb743985aed,TTGTCCGGATTTATTGGGCGTAAAGCGAGCGCAGGCGGAATGATAAGTCTGATGTGAAAGCCCACGGCTCAACCGTGGAACTGCATCGGAAACTGTCATTCTTGAGTGCAGAAGAGGAGAGTGGAACTCCATGTGTAGCGGTGGAATGCGTAGATATATGGAAGAACACCAGTGGCGAAGGCGGCTCTCTGGTCTGCAACTGACGCTGAGGCTCGA,Firmicutes,Bacilli,Lactobacillales,Lactobacillaceae,Lactobacillus,Lactobacillus,0.9979204,>1485ccdfd822c7f145f97bb743985aed
ASV1304,Clostridiumsensustricto5ASV1304S,2547d24ddc0b5f956d48c10d9d9097e7,TTGTCCGGATTTACTGGGCGTAAAGGGAGCGTAGGTGGACTTTTAAGTGAGATGTGAAATACCCGGGCTCAACTTGGGTGCTGCATTTCAAACTGGAAGTCTAGAGTGCAGGAGAGGAGAATGGAATTCCTAGTGTAGCGGTGAAATGCGTAGAGATTAGGAAGAACACCAGTGGCGAAGGCGATTCTCTGGACTGTAACTGACGCTGAGGCTCGA,Firmicutes,Clostridia,Clostridiales,Clostridiaceae 1,Clostridium sensu stricto 1,Clostridium sensu stricto 1,0.9996387,>2547d24ddc0b5f956d48c10d9d9097e7
ASV1308,Clostridiumsensustricto2ASV1308S,158421142ca8024226057a6a34f072d2,TTGTCCGGATTTACTGGGCGTAAAGGGAGCGTAGGTGGATATTTAAGTGGGATGTGAAATACCCGGGCTTAACCTGGGTGCTGCATTCCAAACTGGATATCTAGAGTGCAGGAGAGGAAAGGAGAATTCCTAGTGTAGCGGTGAAATGCGTAGAGATTAGGAAGAATACCAGTGGCGAAGGCGCCTTTCTGGACTGTAACTGACACTGAGGCTCGA,Firmicutes,Clostridia,Clostridiales,Clostridiaceae 1,Clostridium sensu stricto 1,Clostridium butyricum,0.8875844,>158421142ca8024226057a6a34f072d2
ASV1336,LactobacillusASV1336S,38ed1801ae16599c4505337451d68a05,TTGTCCGGATTTATTGGGCGTAAAGCGAGCGCAGGCGGAAAAATAAGTCTAATGTGAAAGCCCTCGGCTTAACCGAGGAACTGCATCGGAAACTGTTTTTCTTGAGTGCAGAAGAGGAGAGTGGAACTCCATGTGTAGCGGTGGAATGCGTAGATATATGGAAGAACACCGGTGGCGAAGGCGACTTTCTGGACGACAACTGACGCTGAGGCGCGA,Firmicutes,Bacilli,Lactobacillales,Lactobacillaceae,Lactobacillus,Lactobacillus,0.999999,>38ed1801ae16599c4505337451d68a05
ASV1355,LactobacillusASV1355S,44459f7bd0f45aa7bd987e317b01cfb5,TTATCCGGATTTATTGGGCGTAAAGCGAGCGCTGGCGGTTGCTTAGGTCTGATGTGAAAGCCTTCGGCTTAACCGAAGAAGTGCATCGGAAACCGGGCGACTTGAGTGCAGAAGAGGACAGTGGAACTCCATGTGTAGCGGTGGAATGCGTAGATATATGGAAGAACACCAGTGGCGAAGGCGGCTCTCTGGTCTGCAACTGACGCTGAGGCTCGA,Firmicutes,Bacilli,Lactobacillales,Lactobacillaceae,Lactobacillus,Lactobacillus,0.9999688,>44459f7bd0f45aa7bd987e317b01cfb5
ASV1375,LactobacillusASV1375S,116fc3682d6b762a04372e8525f19550,TTGTCCGGATTTATTGGGCGTAAAGGGAACGCAGGCGGTCCTTTAAGTCTGATGTGAAAGCCTTCGGCTTAACCGAAGAATTGCATTGGAAACTGGAGGACTTGAGTGCAGAAGAGGAGAGTGGAACTCCATGTGTAGCGGTGAAATGCGTAGATATATGGAAGAACACCAGTGGCGAAAGCGGCTCTCTGGTCTGTAACTGACGCTGAGGTTCGA,Firmicutes,Bacilli,Lactobacillales,Lactobacillaceae,Lactobacillus,Lactobacillus agilis,0.919695,>116fc3682d6b762a04372e8525f19550
ASV138,Clostridiumsensustricto30ASV138S,ede064c9eac26f6948c8b51918747762,TTGTCCGGATTTACTGGGCGTAAAGGGAGCGTAGGTGGATATTTAAGTGGGATGTGAAATACTCGGGCTTAACCTGGGTGCTGCATTCCAAACTGGATATCTAGAGTGCAGGAGAGGAAAGTAGAATTCCTAGTGTAGCGGTGAAATGCGTAGAGATTAGGAAGAATACCAGTGGCGAAGGCGACTTTCTGGACTGTAACTGACACTGAGGCTCGA,Firmicutes,Clostridia,Clostridiales,Clostridiaceae 1,Clostridium sensu stricto 1,Clostridium sensu stricto 1,0.9999788,>ede064c9eac26f6948c8b51918747762
ASV1386,LactobacillusASV1386S,47d45a8dc9139e73b59572641d927f8b,TTATCCGGATTTATTGGGCGTAAAGCGAGCGCAGGCGGTTGCTTAGTTCTGATGTGAAAGCCTTCGGCTTAACCGAAGAAGTGCATCGGAAACCGGGCGACTTGAGTGCAGAAGAGGACAGTGGAACTCCATGTGTAGCGGTGGAATGCGTAGATATATGGAAGAACACCAGTGGCGAAGGCGGCTGTCTGGTCTGCAACTGACGCTGAGGCTCGA,Firmicutes,Bacilli,Lactobacillales,Lactobacillaceae,Lactobacillus,Lactobacillus,0.9999877,>47d45a8dc9139e73b59572641d927f8b
ASV141,LactobacillusASV141S,57ed18e2d61e6afe3bef7d3d8323de5b,TCGTCCGGATTTATTGGGCGTAAAGCGAGTGCAGGCGGTTCAATAAGTCTGATGTGAAAGCCTTCGGCTCAACCGGAGAATTGCATCAGAAACTGTTGAACTTGAGTGCAGAAGAGGAGAGTGGAACTCCATGTGTAGCGGTGGAATGCGTAGATATATGGAAGAACACCAGTGGCGAAGGCGGCTCTCTGGTCTGCAACTGACGCTGAGGCTCGA,Firmicutes,Bacilli,Lactobacillales,Lactobacillaceae,Lactobacillus,Lactobacillus,1,>57ed18e2d61e6afe3bef7d3d8323de5b
ASV1439,Clostridiumsensustricto24ASV1439S,c21de260a6f5682221683bb4be382747,TTGTCCGGATTTACTGGGCGTAAAGGGAGCGTAGGCGGACTTTTAAGTGAGATGTGAAATACTCGGGCTTAACCTGAGTGCTGCATTTCAAACTGGAAGTCTAGAGTGCAGGAGAGGAGAAGGGAATTCCTAGTGTAGCGGTGAAATGCGTAGAGATTAGGAAGAACACCAGTGGCGAAGGCGCTTCTCTGGACTGTAACTGACGCTGAGGCTCGA,Firmicutes,Clostridia,Clostridiales,Clostridiaceae 1,Clostridium sensu stricto 1,Clostridium sensu stricto 1,0.9999685,>c21de260a6f5682221683bb4be382747
ASV1461,LactobacillusASV1461S,29d40d4266ffd963289f26c974df2f79,TTGTCCGGATTTATTGGGCGTAAAGCGAGCGCAGGCGGAAAGATAAGTCTGAAGTGAAAGCCCCCGGCTTAACCGGGGAACTGCTTCGGAAACTGTCCTTCTTGAGTGCAGAAGAGGAGAGTGGAACTCCATGTGTAGCGGTGGAATGCGTATATATATGGAAGAACACCAGTGGCGAAGGCGGCTCTCTGGTCTGCAACTGACGCTGAGGCTCGA,Firmicutes,Bacilli,Lactobacillales,Lactobacillaceae,Lactobacillus,Lactobacillus,0.9999997,>29d40d4266ffd963289f26c974df2f79
ASV1464,EscherichiaShigellaASV1464S,edb9192685b9a46e3ca16f6b5da57afc,TTAATCGGAATTACTGGGCGTAAAGCGCACGCAGGCGGTTTGTTAAGTCAGATGTGAAATCCCCGGGCTCAACCTGGGAACTGCATCTGATACTGGCAAGCTTGAGTCTCGTAGAGGGGGGTAGAATTCCAGGTGTAGCGGTTAAATGCGTAGAGATCTGGAGGAATACCGGTGGCGAAGGCGGCCCCCTGGACGAAGACTGACGCTCAGGTGCGA,Proteobacteria,Gammaproteobacteria,Enterobacteriales,Enterobacteriaceae,Escherichia-Shigella,Escherichia-Shigella,0.9868189,>edb9192685b9a46e3ca16f6b5da57afc
ASV1510,EscherichiaShigellaASV1510S,4472c1fd0cecf70906992bc8335d930e,TTAATCGGAATTACTGGGCGTAAAGCGCACGCAGGCGGTTTGTTAAGTCAGATGTGAAATCCCCGGGCTCAACCTGGGAACTGCATCTGATACTGGCAAGCTTGAGTCTCGTTGAGGGGGGTAGAATTCCAGGTGTAGCGGTGAAATGCGTAGAGATCTGGAGGAATACCGGTGGCGAAGGCGGCCCCCTGGACGAAGACTGACGCTCGGGTGCGA,Proteobacteria,Gammaproteobacteria,Enterobacteriales,Enterobacteriaceae,Escherichia-Shigella,Escherichia-Shigella,0.9788309,>4472c1fd0cecf70906992bc8335d930e
ASV1522,LactobacillusASV1522S,22ea8ee151595bd939048751410c60de,TTGTCCGGATTTATTGGGCGTAAAGCGAGTGCAGGCGGTTCAATAAGTCTGATGTGAAAGCCTTCGGCTCAACCGGAGAATTGCATCAGAAACTGTTGAACTTGAGTGCAGAAGAGGAGAGTGGAACTCCATGTGTAGCGGTGGAATGCGTAGATATATGGAAGAACACCAGTGGCGAAGGCGGCTCTCTGGTCAGCAACTGACGCTGAGGCTCGA,Firmicutes,Bacilli,Lactobacillales,Lactobacillaceae,Lactobacillus,Lactobacillus,1,>22ea8ee151595bd939048751410c60de
ASV156,LactobacillusASV156S,02da45e410a8fc86f2752190e029fbb0,TTATCCGGATTTATTGGGCGTAAAGCGAGCGCAGGCGGTTTGATAAGTCTGATGTGAAAGCCTTTGGCTTAACCGAAGAAGTGCATCGGAAACTGTCAGACTTGAGTGCAGAAGAGGACAGTGGAACTCCATGTGTAGCGGTGGAATGCGTAGATATATGGAAGAACACCAGTGGCGAAGGCGGCTGTCTGGTCTGCAACTGACGCTGAGGCTCGA,Firmicutes,Bacilli,Lactobacillales,Lactobacillaceae,Lactobacillus,Lactobacillus mucosae,0.9307077,>02da45e410a8fc86f2752190e029fbb0
ASV1587,LactobacillusASV1587S,32cf6f61fc02d77880ecb1f35ae0d5cf,TTATCCGGATTTATTGGGCGTAAAGCGAGCGCAGGCGGTTACTTAAGTCTGATGTGAAAGCCTTCGGCTTAACCGAAGAAGTGCATCGGAAACTGGGGGACTTGAGTGCAGAAGAGGACAGTGGAACTCCATGTGTAGCGGTGGAATGCGTAGATATATGGAAGAACACCAGTGGCGAAGGCGGCTGTCTGGTCTGCAACTGACGCTGAGGCTCGA,Firmicutes,Bacilli,Lactobacillales,Lactobacillaceae,Lactobacillus,Lactobacillus,0.9988468,>32cf6f61fc02d77880ecb1f35ae0d5cf
ASV1609,LactobacillusASV1609S,0ccda82eb40a7543f3ef58e482e5dbb3,TTATCCGGATTTATTGGGCGTAAAGCGAGCGCAGGCGGTTGCTTAGGTCTGATGTGAAAGCCTTCGGCTTAACCGAAGAAGTGCATCGGAAACCGGGCGACTTAAGTGCAGAAGAGGATAGTGGAACTCCATGTGTAGCGGTGGAATGCGTAGATATATGGAAGAACACCAGTGGCGAAGGCGGCTGTCTGGTCTGCAACTGACGCTGAGGCTCGA,Firmicutes,Bacilli,Lactobacillales,Lactobacillaceae,Lactobacillus,Lactobacillus,0.9999942,>0ccda82eb40a7543f3ef58e482e5dbb3
ASV1610,MannheimiaASV1610S,1a55101525e296c9ebd84b542bbb7a7e,TTAATCGGAATAACTGGGCGTAAAGGGCACGCAGGCGGCTGTTTAAGTGAGGTGTGAAAGCCCCGGGCTTAACCTGGGAATTGCATTTCAGACTGGACAACTAGAGTACTTTAGGGAGGGGTAGAATTCCACGTGTAGCGGTGAAATGCGTAGAGATGTGGAGGAATACCGAAGGCGAAGGCAGCCCCTTGGGAATGTACTGACGCTCATGTGCGA,Proteobacteria,Gammaproteobacteria,Pasteurellales,Pasteurellaceae,Mannheimia,Mannheimia,0.7692935,>1a55101525e296c9ebd84b542bbb7a7e
ASV1630,LactobacillusASV1630S,7d32a47249a88ed474c2314000d6a8ce,TTATCCGGATTTATTGGGCGTAAAGCGAGCGCAGGCGGTTGCTTAGGTCTGATGTGAAAGCCTTCGGCTTAACCGAAGAAGTGCATCGGAAACCGGGCGACTTGAGTGCAGAAGAGGACAGTGGAACTCCATGTGTAGCGGTGGAATGCGTAGATATATGGAAGAACACCAGTGGCGAAGGCGGCTGTCTGGTCTGCAACTGACGCTGAGGCTCGA,Firmicutes,Bacilli,Lactobacillales,Lactobacillaceae,Lactobacillus,Lactobacillus,0.9999988,>7d32a47249a88ed474c2314000d6a8ce
ASV1636,LactobacillusASV1636S,55b4e49878676da6ac7e60a18f1231ee,TTGTCCGGATTTATTGGGCGTAAAGGTAACGCAGGCGGTCTTTTAAGTCTGATGTGAAAGCCTTCGGCTTAACCGGAGTAGTGCATTGGAAACTGGAAGACTTGAGTGCAGAAGAGGAGAGTGGAACTCCATGTGTAGCGGTGAAATGCGTAGATATATGGAAGAACACCAGTGGCGAAAGCGGCTCTCTGGTCTGTAACTGACGCTGAGGTTCGA,Firmicutes,Bacilli,Lactobacillales,Lactobacillaceae,Lactobacillus,Lactobacillus salivarius,0.705526,>55b4e49878676da6ac7e60a18f1231ee
ASV1646,LactobacillusASV1646S,a6444905b56a4cee23e474cf03932c29,TTGTCCGGATTTATTGGGCGTAAAGGGAACGCAGGCGGTCTTTTAAGTCTGATGTGAAAGACTTCGGCTTAACCGGAGTAGTGCATTGGAAACTGGAAGACTTGAGTGCAGAAGAGGAGAGTGGAACTCCATGTGTAGCGGTGAAATGCGTAGATATATGGAAGAACACCAGTGGCGAAAGCGGCTCTCTGGTCTGTAACTGACGCTGAGGTTCGA,Firmicutes,Bacilli,Lactobacillales,Lactobacillaceae,Lactobacillus,Lactobacillus salivarius,0.7165708,>a6444905b56a4cee23e474cf03932c29
ASV1672,EscherichiaShigellaASV1672S,35760b60eab1866082ae4e62e702ebfd,TTAATCAGAATTACTGGGCGTAAAGCGCACGCAGGCGGTTTGTTAAGTCAGATGTGAAATCCCCGGGCTCAACCTGGGAACTGCATCTGATACTGGCAAGCTTGAGTCTCGTAGAGGGGGGTAGAATTCCAGGTGTAGCGGTGAAATGCGTAGAGATCTGGAGGAATACCGGTGGCGAAGGCGGCCCCCTGGACGAAGACTGACGCTCAGGTGCGA,Proteobacteria,Gammaproteobacteria,Enterobacteriales,Enterobacteriaceae,Escherichia-Shigella,Escherichia-Shigella,0.9835421,>35760b60eab1866082ae4e62e702ebfd
ASV1684,LactobacillusASV1684S,27a628aeb857e4670e4a59e0d170f20a,TTATCCGGATTTATTGGGCGTAAAGCGAGCGCAGGCGGAAAAATAAGTCTAATGTGAAAGCCCTCGGCTTAACCGAGGAACTGCATCGGAAACTGTTTTTCTTGAGTGCAGAAGAGGAGAGTGGAACTCCATGTGTAGCGGTGGAATGCGTAGATATATGGAAGAACACCAGTGGCGAAGGCGGCTCTCTGGTCTGCAACTGACGCTGAGGCGCGA,Firmicutes,Bacilli,Lactobacillales,Lactobacillaceae,Lactobacillus,Lactobacillus,0.9999986,>27a628aeb857e4670e4a59e0d170f20a
ASV1716,LactobacillusASV1716S,2db2fb8f5201b215ee22dc54796f3c22,TTGTCCGGATTTATTGGGCGTAAAGCGAGCGCAGGCGGAAAAATAAGTCTAATGTGAAAGCCCTCGGCTTAACCGAGGAACTGCATCGGAAACTGTTTTTCTTGAGTGCAGAAGAGGAGAGTGGAACTCCATGTGTAGCGGTGGAATGCGTAGATATATGGAAGAACACCGGTGGCGAAGGCGGCTCTCTGGTCTGCAACTGACGCTGAGGCTCGA,Firmicutes,Bacilli,Lactobacillales,Lactobacillaceae,Lactobacillus,Lactobacillus,0.9999991,>2db2fb8f5201b215ee22dc54796f3c22
ASV1728,LactobacillusASV1728S,9e069f8264f418c6be215234ba620334,TTGTCCGGATTTATTGGGCGTAAAGCGAGCGCAGGCGGAAAGATAAGTCTGAAGTGAAAGCCCCCGGCTTAACCGGGGAACTGCTTCGGAAACTGTCCTTCTTGAGTGTAGAAGAGGAGAGTGGAACTCCATGTGTAGCGGTGGAATGCGTAGATATATGGAAGAACACCAGTGGCGAAGGCGGCTCTCTGGTCTGCAACTGACGCTGAGGCTCGA,Firmicutes,Bacilli,Lactobacillales,Lactobacillaceae,Lactobacillus,Lactobacillus,0.9999997,>9e069f8264f418c6be215234ba620334
ASV1751,LactobacillusASV1751S,287cb1f2eb395b5c2450a41b79c03e2e,TTGTCCGGATTTATTGGGCGTAAAGCGAGCGCAGGCGGAAAAATAAGTCTAATGTGAAAGCCCTCGGCTTAACCGAGGAACTGCATCGGAAACTGTTTTTCTTGAGTGCAGAAGAGGGGAGTGGAACTCCATGTGTAGCGGTGGAATGCGTAGATATATGGAAGAACACCAGTGGCGAAGGCGGCTCTCTGGTCTGCAACTGACGCTGAGGCTCGA,Firmicutes,Bacilli,Lactobacillales,Lactobacillaceae,Lactobacillus,Lactobacillus,0.999999,>287cb1f2eb395b5c2450a41b79c03e2e
ASV1762,EscherichiaShigellaASV1762S,14bc63872dac82f2b2fac456b8620b13,TTAATCGGAATTACTGGGCGTAAAGCGCACGCAGGCGGTTTGTTAAGTCAGATGTGAAATCCCCGGGCTCAACCTGGGAACTGCATCTGATACTGGCAAGCTTGAGTCTCGTAGAGGGGGGTAGAATTCCAGGTGTAGCGGTGAAATGTGTAGAGATCTGGAGGAATACCGGTGGCGAAGGCGGCCCCCTGGACGAAGACTGACGCTCAGGTGCGA,Proteobacteria,Gammaproteobacteria,Enterobacteriales,Enterobacteriaceae,Escherichia-Shigella,Escherichia-Shigella,0.9865749,>14bc63872dac82f2b2fac456b8620b13
ASV1780,LactobacillusASV1780S,15add795169d0e5187721dcece104f0f,TTGTCCGGATTTATTGGGCGTAAAGCGAGCGCAGGCGTAAGAATAAGTCTGATGTGAAAGCCCTCGGCTTAACCGAGGAACTGCATCGGAAACTGTTTTTCTTGAGTGCAGAAGAGGAGAGTGGAACTCCATGTGTAGCGGTGGAATGCGTAGATATATGGAAGAACACCAGTGGCGAAGGCGGCTCTCTGGTCTGCAACTGACGCTGAGGCTCGA,Firmicutes,Bacilli,Lactobacillales,Lactobacillaceae,Lactobacillus,Lactobacillus,0.9999992,>15add795169d0e5187721dcece104f0f
ASV18,MycoplasmaASV18S,35a49476b87bead578f160da0d3b3104,TTATCCGGAATTATTGGGCGTAAAGCGTCCGTAGGTTTTTTGTTAAGTTTAAGGTTAAATGCTAAAGCTCAACTTTAGTCCGCTTTAGATACTGGCAAAATAGAATTATGAAGAGGTTAGCGGAATTCCTAGTGGAGCGGTGGAATGCGTAGATATTAGGAAGAACACCAATAGGCGAAGGCAGCTAACTGGTCATATATTGACACTAAGGGACGA,Tenericutes,Mollicutes,Mycoplasmatales,Mycoplasmataceae,Mycoplasma,Mycoplasma dispar,0.9919583,>35a49476b87bead578f160da0d3b3104
ASV1800,LactobacillusASV1800S,abfa2e0d1c0e8e606d00774c00b3b7d1,TTGTCCGGATTTATTGGGCGTAAAGCGAGCGCAGGCGGAAAAATAAGTCTAATGTGAAAGCCCTCGGCTTAACCGAGGAACTGCATCGGAAACTGTTTTTCTTGAGTGCAGAAGAGGAGAGTGGAACTCCATGTGTAGCGGTGGAATGCGTAGATATATGGAAGAACGCCAGTGGCGAAGGCGGCTCTCTGGTCTGCAACTGACGCTGAGGCTCGA,Firmicutes,Bacilli,Lactobacillales,Lactobacillaceae,Lactobacillus,Lactobacillus,0.999999,>abfa2e0d1c0e8e606d00774c00b3b7d1
ASV1815,LactobacillusASV1815S,51d6a6159efa4f3a320105ae7e3d68aa,TTATCCGGATTTATTGGGCGTAAAGCGAGCGCAGGCGGTTGCTTAGGTCTGATGTGAAAGCCTTCGGCTTAACCGAAGAAGTGCATCGGAAACCGGGCGACTTGAGTGCAGAAGAGGATAGTGGAACTCCATGTGTAGCGGTGGAATGCGTAGATATATGGAAGAACACCAGTGGCGAAGGCGGCTCTCTGGTCTGCAACTGACGCTGAGGCTCGA,Firmicutes,Bacilli,Lactobacillales,Lactobacillaceae,Lactobacillus,Lactobacillus,0.9999611,>51d6a6159efa4f3a320105ae7e3d68aa
ASV1846,EscherichiaShigellaASV1846S,a3669ed1bcc03ea223c6d6cd4988ea9a,TTAATCGGAATTAATGGGCGTAAAGCGCACGCAGGCGGTTTGTTAAGTCAGATGTGAAATCCCCGGGCTCAACCTGGGAACTGCATCTGATACTGGCAAGCTTGAGTCTCGTAGAGGGGGGTAGAATTCCAGGTGTAGCGGTGAAATGCGTAGAGATCTGGAGGAATACCGGTGGCGAAGGCGGCCCCCTGGACGAAGACTGACGCTCAGGTGCGA,Proteobacteria,Gammaproteobacteria,Enterobacteriales,Enterobacteriaceae,Escherichia-Shigella,Escherichia-Shigella,0.9855116,>a3669ed1bcc03ea223c6d6cd4988ea9a
ASV1860,MycoplasmaASV1860S,0b34043b0926afaa6e48ad4f37fc218e,TTATCCGGAATTATTGGGCGTAAAGCGTCTGTAGGTTGTATGTTAAGTATGGCGTGAAAACTTGGGGCTCAACCCCAAATTGCGTTGGATACTGGCATGCTAGAATTGTGTAGAGGTTAGCGGAATTCCTAGTGAAGCGGTGAAATGCGTAGATATTAGGAAGAACACCAATTTGGCGAAGGCAGCCAACTGGGCACATATTGACACTGAGAGACG,Tenericutes,Mollicutes,Mycoplasmatales,Mycoplasmataceae,Mycoplasma,Mycoplasma bovirhinis,0.9486428,>0b34043b0926afaa6e48ad4f37fc218e
ASV1867,LactobacillusASV1867S,ecbfdd44542c08e626648c6eb5c74301,TTATCCGGATTTATTGGGCGTAAAGCGAGCGCAGGCGGTTGCTTAGGTCTGATGTGAAAGCCTTCGGCTTAACCGAAGAAGGGCATCGGAAACCGTGCGACTTGAGTGCAGAAGAGGACAGTGGAACTCCATGTGTAGCGGTGGAATGCGTAGATATATGGAAGAACACCAGTGGCGAAGGCGGCTGTCTGGTCTGCAACTGACGCTGAGGCTCGA,Firmicutes,Bacilli,Lactobacillales,Lactobacillaceae,Lactobacillus,Lactobacillus vaginalis,0.8807164,>ecbfdd44542c08e626648c6eb5c74301
ASV1869,LactobacillusASV1869S,1009defbc4e9640df32474ed270cf1bb,TTATCCGGATTTATTGGGCGTAAAGCGAGCGCAGGCGGTTTGATAAGTCTGATGTGAAAGCCTTTGGCTTAACCAAAGAAGTGCATCGGAAACTGTCAGACTTGAGTGCAGAAGAGGACAGTGGAACTCCATGTGTAGCGGTAGAATGCGTAGATATATGGAAGAACACCAGTGGCGAAGGCGGCTGTCTGGTCTGCAACTGACGCTGAGGCTCGA,Firmicutes,Bacilli,Lactobacillales,Lactobacillaceae,Lactobacillus,Lactobacillus mucosae,0.7364506,>1009defbc4e9640df32474ed270cf1bb
ASV1874,Clostridiumsensustricto8ASV1874S,3980019a0f6016ab0c72a5d26784fb58,TTATCCGAATTTACTGGGCGTAAAGGGAGCGTAGGCGGATGATTAAGTGGGATGTGAAATACCCGGGCTCAACTTGGGTGCTGCATTCCAAACTGATTATCTAGAGTGCAGGAGAGGAGAGTGGAATTCCTAGTGTAGCGGTGAAATGCGTAGAGATTAGGAAGAACACCAGTGGCGAAGGCGACTCTCTGGACTGTAACTGACGCTGAGGCTCGA,Firmicutes,Clostridia,Clostridiales,Clostridiaceae 1,Clostridium sensu stricto 1,Clostridium sensu stricto 1,0.9938457,>3980019a0f6016ab0c72a5d26784fb58
ASV1877,Clostridiumsensustricto18ASV1877S,92d8b06dc471c8e3532da0bb2eef2df0,TTGTCCGGATTTACTGGGCGTAAAGGGAGCGTAGGTGGATATTTAAGTGGGATGTGAAATACTCGGGCTTAACCTGGGTGCTGCATTCCAAACTGGATATCTAGAGTGCAGGAGAGGAAAGTAGAATTCTTAGTGTAGCGGTGAAATGCGTAGAGATTAGGAAGAATACCAGTGGCGAAGGCGACTTTCTGGACTGTAACTGACACTGAGGCTCGA,Firmicutes,Clostridia,Clostridiales,Clostridiaceae 1,Clostridium sensu stricto 1,Clostridium sensu stricto 1,0.9999757,>92d8b06dc471c8e3532da0bb2eef2df0
ASV1904,Clostridiumsensustricto17ASV1904S,7f16db359646d5d7d35e0462f8d66089,TTGTCCGGATTTACTGGGCGTAAAGGGAGCGTAGGCGGACTTTTAAGTGAGATGTGAAATACCCAGGCTCAACCTGGGGGCTGCATTTCAAACTGGAAGTCTAGAGTGCAGGAGAGGAGAGTGGAATTCCTAGTGTAGCGGTGAAATGCGTAGAGATTAGGAAGAACACCAGTGGCGAAGGCGACTCTCTGGACTGTAACTGACGCTGAGGCACGA,Firmicutes,Clostridia,Clostridiales,Clostridiaceae 1,Clostridium sensu stricto 1,bacterium mpn-isolate group 26,0.7398439,>7f16db359646d5d7d35e0462f8d66089
ASV192,Clostridiumsensustricto25ASV192S,ce61ad4886e87b2b8b09fbfe1ba82361,TTATCCGGATTTACTGGGCGTAAAGGGAGCGTAGGCGGATGATTAAGTGGGATGTGAAATACCCGGGCTCAACTTGGGTGCTGCATTCCAAACTGGTTATCTAGAGTGCAGGAGAGGAGAGTGGAATTCCTAGTGTAGCGGTGAAATGCGTAGAGATTAGGAAGAACACCAGTGGCGAAGGCGACTCTCTGGACTGTAACTGACGCTGAGGCTCGA,Firmicutes,Clostridia,Clostridiales,Clostridiaceae 1,Clostridium sensu stricto 1,Clostridium perfringens,0.7446673,>ce61ad4886e87b2b8b09fbfe1ba82361
ASV1934,EscherichiaShigellaASV1934S,c0e49e5df88e4a2f8e13c3f69d532976,TTAATCGGAATTACTGGGCGTAAAGCGCACGCAGTCGGTTTGTTAAGTCAGATGTGAAATCCCCGGGCTCAACCTGGGAACTGCATCTGATACTGGCAAGCTTGAGTCTCGTAGAGGGGGGTAGAATTCCAGGTGTAGCGGTGAAATGCGTAGAGATCTGGAGGAATACCGGTGGCGAAGGCGGCCCCCTGGACGAAGACTGACGCTCAGGTGCTA,Proteobacteria,Gammaproteobacteria,Enterobacteriales,Enterobacteriaceae,Escherichia-Shigella,Escherichia-Shigella,0.9832105,>c0e49e5df88e4a2f8e13c3f69d532976
ASV1996,LactobacillusASV1996S,d9184061fc17c0c4f11d74d0954ba831,TTATCCGGATTTATTGGGCGTAAAGCGAGCGCAGGCGGTTTGATAAGTCTGATGTGAAAGCCTTTGGCTTAACCAAAGAAGTGCATCGGAAACTGTCAGACTTGAGTGCAGAAGAGGACAGTGGAACTCCATGTGTAGCGGTGGAATGCGTAGATATATGGAAGAACACCAGTGGCGAAGGCGGCTGTCTGGTCTGCAGCTGACGCTGAGGCTCGA,Firmicutes,Bacilli,Lactobacillales,Lactobacillaceae,Lactobacillus,Lactobacillus mucosae,0.7541464,>d9184061fc17c0c4f11d74d0954ba831
ASV2,LactobacillusASV2S,0db821db735c6ce38102a3c57c7113f7,TTGTCCGGATTTATTGGGCGTAAAGCGAGCGCAGGCGGAAGAATAAGTCTGATGTGAAAGCCCTCGGCTTAACCGAGGAACTGCATCGGAAACTGTTTTTCTTGAGTGCAGAAGAGGAGAGTGGAACTCCATGTGTAGCGGTGGAATGCGTAGATATATGGAAGAACACCAGTGGCGAAGGCGACTCTCTGGTCTGCAACTGACGCTGAGGCTCGA,Firmicutes,Bacilli,Lactobacillales,Lactobacillaceae,Lactobacillus,Lactobacillus helveticus,0.7145415,>0db821db735c6ce38102a3c57c7113f7
ASV2023,Clostridiumsensustricto28ASV2023S,e262c6583fbc4c33029652c10f9adc00,TTGTCCGGATTTACTGGGCGTAAAGGGAGCTTAGGTGGATATTTAAGTGGGATGTGAAATACTCGGGCTTAACCTGGGTGCTGCATTCCAAACTGGATATCTAGAGTGCAGGAGAGGAAAGTAGAATTCTTAGTGTAGCGGTGAAATGCGTAGAGATTAGGAAGAATACCAGTGGCGAAGGCGACTTTCTGGACTGTAACTGACACTGAGGCTCGA,Firmicutes,Clostridia,Clostridiales,Clostridiaceae 1,Clostridium sensu stricto 1,Clostridium sensu stricto 1,0.9999661,>e262c6583fbc4c33029652c10f9adc00
ASV2110,LactobacillusASV2110S,1a6842362e46daf8cb10a96f79573900,TTGTCCGGATTTATTGGGCGTAAAGCGAGCGCAGGCGGAAAAATAAGTCTAATGTGAAAGCCCTCGGCTTAACCGAGGAATTGCATCGGAAACTGTTTTTCTTGAGTGCAGAAGAGGAGAGTGGAACTCCATGTGTAGCGGTGGAATGCGTAGATATATGGAAGAACACCAGTGGCGAAGGCGGCTCTCTGGTCTGCAACTGACGCTGAGGCTCGA,Firmicutes,Bacilli,Lactobacillales,Lactobacillaceae,Lactobacillus,Lactobacillus,0.9999994,>1a6842362e46daf8cb10a96f79573900
ASV2150,EscherichiaShigellaASV2150S,08b29ad5c8a47cf43b1c99274e2249a7,TTAATCGGAATTACTGGGCGTAAAGCGCACGCAGGCGGTTTGTTAAGTCAGATGTGAAATCCCCGGGCTCAACCTGGGAACTGCATCTGATACTGGCAAGCTTGAGTCTCGTAGAGGGGGGTAGAATTCCAGGTGTAGCAGTGAAATGCGTAGAGATCTGGAGGAATACCGGTGGCGAAGGCGGCCCCCTGGACGAAGACTGACGCTCAGGTGCGA,Proteobacteria,Gammaproteobacteria,Enterobacteriales,Enterobacteriaceae,Escherichia-Shigella,Escherichia-Shigella,0.9858308,>08b29ad5c8a47cf43b1c99274e2249a7
ASV2152,LactobacillusASV2152S,443937c55790a4aa4a54dd2c2185f25a,TTGTCCGGATTTATTGGGCGTAAAGCGAGTGCAGGCGGTTCAATAAGTCTGATGTGAAAGCCTTCGGCTCAACCGGAGAATTGCATCAGAAACTGTTGAACTTGAGTGCAGAAGAGGAGAGTGGAACTCCATGTGTAGCGGTGGAATGCGTAGATATATGGAAGAACACCAGTGGCGAAGGCGGCTCTCTGGTCTGTAACTGACGCTGAGGCTCGA,Firmicutes,Bacilli,Lactobacillales,Lactobacillaceae,Lactobacillus,Lactobacillus,0.9999998,>443937c55790a4aa4a54dd2c2185f25a
ASV2155,LactobacillusASV2155S,5aeafd6ca75264bfbee3b9e45b283afe,TTATCCGGATTTATTGGGCGTAAAGCGAGCGCAGGCGGTTGCTTAGGTCTGATGTGAAAGCCTTCGGCTTAACCGAAGAAGTGCATCGGAAACCGGGCGACTTGAGTGCAGAAGAGGACAGTGGAACTCCATGTGTAGCGGTGGAATTCGTAGATATATGGAAGAACACCAGTGGCGAAGGCGGCTGTCTGGTCTGCAACTGACGCTGAGGCTCGA,Firmicutes,Bacilli,Lactobacillales,Lactobacillaceae,Lactobacillus,Lactobacillus,0.9999926,>5aeafd6ca75264bfbee3b9e45b283afe
ASV2196,LactobacillusASV2196S,a872df88e9ac1403c9586304c22e8ba5,TTGTCCGGATTTATTGGGCGTAAAGCGAGCGCAGGCGGAAGAATAAGTATGATGTGAAAGCCCTCGGCTTAACCGAGGAACTGCATCGGAAACTGTTTTTCTTGAGTGCAGAAGAGGAGAGTGGAACTCCATGTGTAGCGGTGGAATGCGTAGATATATGGAAGAACACCAGTGGCGAAGGCGGCTCTCTGGTCTGCAACTGACGCTGAGGCTCGA,Firmicutes,Bacilli,Lactobacillales,Lactobacillaceae,Lactobacillus,Lactobacillus,0.9999996,>a872df88e9ac1403c9586304c22e8ba5
ASV2214,EscherichiaShigellaASV2214S,4696961be1f99110dabc52dfd194a4c6,TTAATCGGAATTACTGGGCGTAAAGCGCACGCAGGCGGTTTGTTAAGTCAGATGTGAAATCCCCGGGCTCAACCTGGGAACTGCATCTGATACTGGCAAGCTTGAGTCTCGTAGAGGGGGGTAGAATTCCAGGTGTAGCGGTGAAATGCGTAGAGATCTGGAGGAATACCGGTGTCGAAGGCGGCCCCCTGGACGAAGACTGACGCTCAGGTGCGA,Proteobacteria,Gammaproteobacteria,Enterobacteriales,Enterobacteriaceae,Escherichia-Shigella,Escherichia-Shigella,0.9860476,>4696961be1f99110dabc52dfd194a4c6
ASV2223,LactobacillusASV2223S,940e3cc21518c389e455e92f42a90af6,TTATCCGGATTTATTGTGCGTAAAGCGAGCGCAGGCGGTTACTTAAGTCTGATGTGAAAGCCTTCGGCTTAACCGAAGAAGTGCATCGGAAACTGGGTGACTTGAGTGCAGAAGAGGACAGTGGAACTCCATGTGTAGCGGTGGAATGCGTAGATATATGGAAGAACACCAGTGGCGAAGGCGGCTGTCTGGTCTGCAACTGACGCTGAGGCTCGA,Firmicutes,Bacilli,Lactobacillales,Lactobacillaceae,Lactobacillus,Lactobacillus pontis,0.9821759,>940e3cc21518c389e455e92f42a90af6
ASV2290,LactobacillusASV2290S,d51e7744fce477128053adb2ea069916,TTATCCGGATTTATTGGGCGTAAAGCGAGCGCAGGCGGTTACTTAGGTCTGATGTGAAAGCCTTCGGCTTAACCGAAGAAGTGCATCGGAAACCGGGCGACTTGAGTGCAGAAGAGGACAGTGGAACTCCATGTGTAGCGGTGGAATGCGTAGATATATGGAAGAACACCAGTGGCGAAGGCGGCTGTCTGGTCTGCAACTGACGCTGAGGCTCGA,Firmicutes,Bacilli,Lactobacillales,Lactobacillaceae,Lactobacillus,Lactobacillus reuteri,0.7565122,>d51e7744fce477128053adb2ea069916
ASV2307,LactobacillusASV2307S,4bcacbde46aeff1a9e388e9ca7c42741,TTATCCGGATTTATTGGGCGTAAAGCGAGCGCAGGCGGTCGCTTAGGTCTGATGTGAAAGCCTTCGGCTTAACCGAAGAAGTGCATCGGAAACCGGGCGACTTGAGTGCAGAAGAGGACAGTGGAACTCCATGTGTAGCGGCGGAATGCGTAGATATATGGAAGAACACCAGTGGCGAAGGCGGCTGTCTGGTCTGCAACTGACGCTGAGGCTCGA,Firmicutes,Bacilli,Lactobacillales,Lactobacillaceae,Lactobacillus,Lactobacillus,0.9998561,>4bcacbde46aeff1a9e388e9ca7c42741
ASV2347,LactobacillusASV2347S,689b22d7d4712e436aa2cbce3d4d65c4,TTGTCCGGATTTATTGGGCGTAAAGCGAGCGCAGGCGGAAGAATAAGTCTGATGTGAAAGCCCTCGGCTTAACCGAGGAACTGCATCGGAAACTGTTTTTCTTGAGTGCAGAAGAGGAGAGTGGAACTCCATGTGTAGCGGTGGAATGCGTAGATATATGGAAGAACACCAGTGGCGAAGGCGACTTTCTGGACGAAAACTGACGCTGAGGCGCGA,Firmicutes,Bacilli,Lactobacillales,Lactobacillaceae,Lactobacillus,Lactobacillus,0.9999985,>689b22d7d4712e436aa2cbce3d4d65c4
ASV2392,LactobacillusASV2392S,4b754b7dd57f3c30ffc3fd34a70e0e85,TTATCCGGATTTATTGGGCGTAAAGCGAGCGCAGGCGGTTGCTTAGGTCTGATGTGAAAGCCTTCGGCTTAACCGAAGAAGTGCATCGGAAACCGGGCAACTTGAGTGCAGAAGAGGACAGTGGAACTCCATGTGTGGCGGTGGAATGCGTAGATATATGGAAGAACACCAGTGGCGAAGGCGGCTGTCTGGTCTGCAACTGACGCTGAGGCTCGA,Firmicutes,Bacilli,Lactobacillales,Lactobacillaceae,Lactobacillus,Lactobacillus,0.9999893,>4b754b7dd57f3c30ffc3fd34a70e0e85
ASV2413,LactobacillusASV2413S,863d6aaa23ad659c8cc1284b93fa0124,TTATCCGGATTTATTGGGCGTAAAGCGAGCGCAGGCGGTTTGATAAGTCTGATGTGAAAGCCTTTGGCTTAACCAAAGAAGTGCATCGGAAACTGTCAGACTTGAGTGCAGAAGAGGACAGTGGAATTCCATGTGTAGCGGTGGAATGCGTAGATATATGGAAGAACACCAGTGGCGAAGGCGGCTGTCTGGTCTGCAACTGACGCTGAGGCTCGA,Firmicutes,Bacilli,Lactobacillales,Lactobacillaceae,Lactobacillus,Lactobacillus mucosae,0.7722033,>863d6aaa23ad659c8cc1284b93fa0124
ASV2450,EscherichiaShigellaASV2450S,0daf45753abb5b04b358a36121caded2,TTAATCGGAATTACTGGGCGTAAAGCGCACGCAGGCGGTTTGTTAAGTCAGATGTGAAATCCCCGGGCTCAACCTGGGAACTGCATCTGATACTGGCAAGCTTGAGTCTCGTAGAGGGGGGTAGAATTCCAGGTGTAGCGGTGAAATGCGTAGAGATCTGGAGGAATACCGGTGGCGAAGGCGGCCCCCTAGACGAAGACTGACGCTCAGGTGCGA,Proteobacteria,Gammaproteobacteria,Enterobacteriales,Enterobacteriaceae,Escherichia-Shigella,Escherichia-Shigella,0.986766,>0daf45753abb5b04b358a36121caded2
ASV2468,LactobacillusASV2468S,71517b45342bc068b0b3c1d529dcf567,TTATCCGGATTTATTGGGCGTAAAGCGAGCGCAGGCGGTTGCTTAGGTCTGATGTGAAAGCCTTCGGCTTAACCGAAGAAGTGCATCGGAAACCGGGCAACTTGAGTGCAGAAGAGGACAGTGGAACTACATGTGTAGCGGTGGAATGCGTAGATATATGGAAGAACACCAGTGGCGAAGGCGGCTGTCTGGTCTGCAACTGACGCTGAGGCTCGA,Firmicutes,Bacilli,Lactobacillales,Lactobacillaceae,Lactobacillus,Lactobacillus,0.9999905,>71517b45342bc068b0b3c1d529dcf567
ASV2503,LactobacillusASV2503S,5ae6e2da86f0d7dc00c92143ac57ecb8,TTATCCGGATTTATTGGGCGTAAAGCGAGCGCAGGCGGTTGCTTAGGTCTGATGTGAAAGCCTTCGGCTTAACCGAAGAAGTGCATCGGAAACCGGGCGACTTGAGTGCAGAAGAGGACAGTGGAACTCCATGTGTAGCGGTGGAATGCGTAGATATATGGAAGAACACCAGTGGCGAAGGCGGCTGTCTGGTCTGCAACTGACACTGAGGCTCGA,Firmicutes,Bacilli,Lactobacillales,Lactobacillaceae,Lactobacillus,Lactobacillus,0.999998,>5ae6e2da86f0d7dc00c92143ac57ecb8
ASV2505,LactobacillusASV2505S,e6de8ec44191102c1af6a2ab42eebaac,TTGTCCGGATTTATTGGGCGTAAAGCGAGCGCAGGCGGAAGAATAAGTCTGATGTGAAAGCCCTCGGCTTAACCGAGGAACTGCATCGGAAACTGTTTTTCTTGAGTGCAGAAGAGGAGAGTGGAACTCCATGTGTAGCGGTGGGATGCGTAGATATATGGAAGAACACCAGTGGCGAAGGCGGCTCTCTGGTCTGCAACTGACGCTGAGGCTCGA,Firmicutes,Bacilli,Lactobacillales,Lactobacillaceae,Lactobacillus,Lactobacillus,0.9999996,>e6de8ec44191102c1af6a2ab42eebaac
ASV2514,EscherichiaShigellaASV2514S,eb35cde298c7ac748f8ac0fdf90003bf,TTAATCGGAATTACTGGGCGTAAAGCGCACGCAGGCGGTTTGTTAAGTCAGATGTGAAATCCCCGGGCTCAACCTGGGAACTGCATCTGATACTGGCAAGCTTGAGTCTCGTAGAGGGGGGTAGAATTCCAGGTGTAGCGGTGAAATGCGTAGAGATCTGGAGGAATACCGGTGGCGAAGGCGCCCCCCTGGACGAAGACTGACGCTCAGGTGCGA,Proteobacteria,Gammaproteobacteria,Enterobacteriales,Enterobacteriaceae,Escherichia-Shigella,Escherichia-Shigella,0.9876204,>eb35cde298c7ac748f8ac0fdf90003bf
ASV2521,LactobacillusASV2521S,48d7070b783a7637292cda9ff319ae9d,TTATCCGGATTTATTGGGCGTAAAGCGAGTGCAGGCGGTTTTCTAAGTCTGATGTGAAAGCCTTCGGCTTAACCGGAGAAGTGCATCGGAAACTGGATAACTTGAGTGCAAGAGAGGACAGTGGAACTCCATGTGTAGCGGTGGAATGCGTAGATATATGGAAGAACACCAGTGGCGAAGGCGGCTGTCTAGCTTGCAACTGACGCTGAGGCTCGA,Firmicutes,Bacilli,Lactobacillales,Lactobacillaceae,Lactobacillus,Lactobacillus,0.9999961,>48d7070b783a7637292cda9ff319ae9d
ASV2537,EscherichiaShigellaASV2537S,faa594cad3b74b937f7258e7d6f464f0,TTAATCGGAATTACTGGGCGTAAAGCGCACGCAGGCGGTTTGTTAAGTCAGATGTGAAATCCCCGGGCTCAACCTGGGAACTGCATCTGATACTGGCAAGCTTGAGTCTCGTAGAGGGGGGTAGAATTCCAGGTGTAGCGGTGAAATGCGTAGAGATCTGGAGGAATACCGGTAGCGAAGGCGGCCCCCTGGACGAAGACTGACGCTCAGGTGCGA,Proteobacteria,Gammaproteobacteria,Enterobacteriales,Enterobacteriaceae,Escherichia-Shigella,Escherichia-Shigella,0.9895278,>faa594cad3b74b937f7258e7d6f464f0
ASV2542,Clostridiumsensustricto1ASV2542S,00d4425cf775e771bab0aeb95415e4bb,TTATCCGGATTTACTGGTCGTAAAGGGAGCGTAGGCGGATGATTAAGTGGGATGTGAAATACCCGGGCTCAACTTGGGTGCTGCATTCCAAACTGGTTATCTAGAGTGCAGGAGAGGAGAGTGGAATTCCTAGTGTAGCGGTGAAATGCGTAGAGATTAGTAAGAACACCAGTGGCGAAGGCGACTCTCTGGACTGTAACTGACGCTGAGGCTCGA,Firmicutes,Clostridia,Clostridiales,Clostridiaceae 1,Clostridium sensu stricto 1,Clostridium sensu stricto 1,0.9903823,>00d4425cf775e771bab0aeb95415e4bb
ASV2581,LactobacillusASV2581S,4a1da1b57b959161b0328672b0260167,TTGTCCGGATTTATTGGGCGTAAAGCGAGTGCAGGCGGTTCAATAAGTCTGATGTGAAAGCCTTCGGCTCAACCGGAGAATTGCATCAGAAACTGTTGGACTTGAGTGCAGAAGAGGAGAGTGGAACTCCATGTGTAGCGGTGGAATGCGTAGATATATGGAAGAACACCAGTGGCGAAGGCGGCTCTCTGGTCTGCAACTGACGCTGAGGCTCGA,Firmicutes,Bacilli,Lactobacillales,Lactobacillaceae,Lactobacillus,Lactobacillus,0.9999999,>4a1da1b57b959161b0328672b0260167
ASV2594,LactobacillusASV2594S,313a14b037fe0a7af1ae40d84943c288,TTATCCGGATTTATTGGGCGTAAAGCGAGCGCAGGCGGTTGCTTAGGTCTGATGTGAAAGCCTTCGGCTTAACCGAAGAAGGGCATCGGAAACCGGGCGACTTGAGTGCAGAAGAGGACAGTGGAACTCCATGTGTAGCGGTGGAATGCGTAGATATATGGAAGAACACCAGTGGCGAAGGCGGCTGTCTGGTCTGCAACTGACGCTGAGGCTCGA,Firmicutes,Bacilli,Lactobacillales,Lactobacillaceae,Lactobacillus,Lactobacillus vaginalis,0.8884613,>313a14b037fe0a7af1ae40d84943c288
ASV2612,LactobacillusASV2612S,e8337a688da2dd04a31ca79b3d820ab3,TTATCCGGATTTATTGGGCGTAAAGCGAGCGCAGGTGGTTGCTTAGGTCTGATGTGAAAGCCTTCGGCTTAACCGAAGAAGTGCATCGGAAACCGGGCAACTTGAGTGCAGAAGAGGACAGTGGAACTCCATGTGTAGCGGTGGAATGCGTAGATATATGGAAGAACACCAGTGGCGAAGGCGGCTGTCTGGTCTGCAACTGACGCTGAGGCTCGA,Firmicutes,Bacilli,Lactobacillales,Lactobacillaceae,Lactobacillus,Lactobacillus,0.9999814,>e8337a688da2dd04a31ca79b3d820ab3
ASV2617,LactobacillusASV2617S,60b70419c1aaa42da094013397e573cf,TTGTCCGGATTTATTGGGCGTAAAGGGAACGCAGGCGGTCTTTTAAGTCTGATGTGAAAGCCTTCGGCTTAACCGGAGTAGTGCATTGGAAACTGGAAGACTTGAGTGCAGAAGAGGAGAGTGGAACTCCATGTGTAGCGGTGAAATGCGTAGATATATGGAAGAACACCAGTGGCGAAGGCGGCTCTCTGGTCTGTAACTGACGCTGAGGTTCGA,Firmicutes,Bacilli,Lactobacillales,Lactobacillaceae,Lactobacillus,Lactobacillus salivarius,0.7396839,>60b70419c1aaa42da094013397e573cf
ASV2627,LactobacillusASV2627S,5b5e4739ea1a34e81a3e61ab72ab8d9c,TTATCCGGATTTATTGGGCGTAAAGCGAGCGCAGGCGGTTGCTTAGGTCTGATGTGAAAGCCTTCGGCTTAACCGAAGAAGTGCATCGGAAACCGGGCGACTTGAGTGCAGAAGAGGACAGTGGAACTCCGTGTGTAGCGGTGGAATGCGTAGATATATGGAAGAACACCAGTGGCGAAGGCGGCTCTCTGGTCTGCAACTGACGCTGAGGCTCGA,Firmicutes,Bacilli,Lactobacillales,Lactobacillaceae,Lactobacillus,Lactobacillus,0.9999683,>5b5e4739ea1a34e81a3e61ab72ab8d9c
ASV2649,LactobacillusASV2649S,77538e988440dd7c3501a8e4e5365f05,TTGTCCGGATTTATTGGGCGTAAAGCGAGCGCAGGCGGAAGAATAAGTCTGATGTGAAAGCCCTCGGCTTAACCGATGAACTGCATCGGAAACTGTTTTTCTTGAGTGCAGAAGAGGAGAGTGGAACTCCATGTGTAGCGGTGGAATGCGTAGATATATGGAAGAACACCAGTGGCGAAGGCGGCTCTCTGGTCTGCAACTGACGCTGAGGCTCGA,Firmicutes,Bacilli,Lactobacillales,Lactobacillaceae,Lactobacillus,Lactobacillus,0.9999976,>77538e988440dd7c3501a8e4e5365f05
ASV2668,LactobacillusASV2668S,ecaa898888a53dc4de144f53c2d4e402,TTGTCCGGATTTATTGGGCGTAAAGCGAGCGCAGGCGGTTTCTTAAGTCTGATGTGAAAGCCTTCGGCTCAACCGAAGAAGTGCATCGGAAACTGGGAAACTTGAGTGCAGAAGAGGACAGTGGAACTCCATGTGTAGCGGTGAAATGCGTAGATATATGGAAGAACACCAGTGGCGAAGGCGGCTGTCTGGTCTGTAACTGACGCTGAGGCTCGA,Firmicutes,Bacilli,Lactobacillales,Lactobacillaceae,Lactobacillus,Lactobacillus,0.9987625,>ecaa898888a53dc4de144f53c2d4e402
ASV2687,LactobacillusASV2687S,bec9c5cbc0a434862641bf9085a19dba,TTATCCGGATTTATTGGGCGTAAAGCGAGCGCAGGCGGTTACTTAAGTCTGATGTGAAAGCCTTCGGCTTAACCGAAGAAGTGCATCGGAAACTGGGTGACTTGAGTGCAGAAGAGGACAGTGGAACTCCATGTGTAGCGGTGGAATGCGTAGATATATGGAAGAACACCAGTGGCGAAGGCGGCTGTCTGGTCTGCAACTGACGCTGAGGCTCGA,Firmicutes,Bacilli,Lactobacillales,Lactobacillaceae,Lactobacillus,Lactobacillus pontis,0.9736808,>bec9c5cbc0a434862641bf9085a19dba
ASV2695,LactobacillusASV2695S,738eb7bc8042310ba8c2a7264ebc7d22,TTGTCCGGATTTATTGGGCGTAAAGCGAGCGCAGGCGGAAAAATAAGTCTAATGTGAAAGCCCTCGGCTTAACCGAGGAACCGCATCGGAAACTGTTTTTCTTGAGTGCAGAAGAGGAGAGTGGAACTCCATGTGTAGCGGTGGAATGCGTAGATATATGGAAGAACACCAGTGGCGAAGGCGGCTCTCTGGTCTGCAACTGACGCTGAGGCTCGA,Firmicutes,Bacilli,Lactobacillales,Lactobacillaceae,Lactobacillus,Lactobacillus,0.9999985,>738eb7bc8042310ba8c2a7264ebc7d22
ASV2698,LactobacillusASV2698S,95370df645aab75660f7b2c7e7689e1a,TTGTCCGGATTTATTGGGCGTAAAGCGAGCGCAGGCGGAAAAATAAGTCTAATGTGAAAGCCCTCGGCTTAACCGAGGAACTGCATCGGAAACTGTTTTTCTTGAGTGCAGAAGAGGAGAGTGGAACTCCATGTGTAGCGGTGTAATGCGTAGATATATGGAAGAACACCAGTGGCGAAGGCGGCTCTCTGGTCTGCAACTGACGCTGAGGCTCGA,Firmicutes,Bacilli,Lactobacillales,Lactobacillaceae,Lactobacillus,Lactobacillus,0.9999984,>95370df645aab75660f7b2c7e7689e1a
ASV2710,LactobacillusASV2710S,a6f15a89920dd0c00519c9b959a7331a,TTATCCGGATTTATTGGGCGTAAAGCGAGCGCAGGCGGTTCAATAAGTCTGATGTGAAAGCCTTCGGCTCAACCGGAGAATTGCATCAGAAACTGTTGAACTTGAGTGCAGAAGAGGAGAGTGGAACTCCATGTGTAGCGGTGGAATGCGTAGATATATGGAAGAACACCAGTGGCGAAAGCGGCTCTCTGGTCTGTAACTGACGCTGAGGTTCGA,Firmicutes,Bacilli,Lactobacillales,Lactobacillaceae,Lactobacillus,uncultured bacterium,0.7704527,>a6f15a89920dd0c00519c9b959a7331a
ASV2732,Clostridiumsensustricto3ASV2732S,1d3f914e4c49f1adeeffc5faf33afd13,TTGTCCGTATTTACTGGGCGTAAAGGGAGCGTAGGTGGATATTTAAGTGGGATGTGAAATACTCGGGCTTAACCTGTGTGCTGCATTCCAAACTGGATATCTAGAGTGCAGGAGAGGAAAGTAGAATTCCTAGTGTAGCGGTGAAATGCGTAGAGATTAGCAAGAATACCAGTGGCGAAGGCGACTTTCTGGACTGTAACTGACACTGAGGCTCGA,Firmicutes,Clostridia,Clostridiales,Clostridiaceae 1,Clostridium sensu stricto 1,Clostridium sensu stricto 1,0.9999488,>1d3f914e4c49f1adeeffc5faf33afd13
ASV2746,LactobacillusASV2746S,a0f1ef886f48e11779db61268207ef92,TTATCCGGATTTATTGGGCGTAAAGCGAGCGCAGGCGGTTTGATAAGTCTGGTGTGAAAGCCTTTGGCTTAACCAAAGAAGTGCATCGGAAACTGTCAGACTTGAGTGCAGAAGAGGACAGTGGAACTCCATGTGTAGCGGTGGAATGCGTAGATATATGGAAGAACACCAGTGGCGAAGGCGGCTGTCTGGTCTGCAACTGACGCTGAGGCTCGA,Firmicutes,Bacilli,Lactobacillales,Lactobacillaceae,Lactobacillus,Lactobacillus mucosae,0.7646662,>a0f1ef886f48e11779db61268207ef92
ASV2752,LactobacillusASV2752S,b133e1940273fe267056cd1a77ea8f91,TTATCCGGATTTATTGGGCGTAAAGCGAGCGCAGGCGGTTGCTTAGGTCTGATGTGAAAGCCTTCGGCTTAACCAAAGAAGTGCATCGGAAACCGGGCGACTTGAGTGCAGAAGAGGACAGTGGAACTCCATGTGTAGCGGTGGAATGCGTAGATATATGGAAGAACACCAGTGGCGAAGGCGGCTGTCTGGTCTGCAACTGACGCTGAGGCTCGA,Firmicutes,Bacilli,Lactobacillales,Lactobacillaceae,Lactobacillus,Lactobacillus,0.999998,>b133e1940273fe267056cd1a77ea8f91
ASV2768,Clostridiumsensustricto31ASV2768S,eeae4b18a3a23186327a8984a36ae764,TTGTCCGGATTTACTGGGCGTAAAGGGAGCGTAGGTGGATATTTAAGTGGGATGTGAAATACTCGGGCTTAACCTGGGTGCTGCATTCCAAACTGGATATCTAGAGTGCAGGAGAGGAAAGTAGAATTCCTAGTGTAGCGGTGAAATGCGTAGAGATTAGGAAGAATACCAGTGGCGAAGGCGACTTTCTGGAGTGTAACTGACACTGAGGCTCGA,Firmicutes,Clostridia,Clostridiales,Clostridiaceae 1,Clostridium sensu stricto 1,Clostridium sensu stricto 1,0.9999749,>eeae4b18a3a23186327a8984a36ae764
ASV2774,LactobacillusASV2774S,5417f5a187626c5667a8e29ee5d36e2f,TTGTCCGGATTTATTGGGCGTAAAGCGAGCGCAGGCGGAAAAATAAGTCTGATGTGAAAGCCCTCGGCTTAACCGAGGAACTGCATCGGAAACTGTTTTTCTTGAGTGCAGAAGAGGAGAGTGGAACTCCATGTGTAGCGGTGGAATGCGTAGATATATGGAAGAACACCAGTGGCGAAGGCGGCTCTCTGGTCTGCAACTGACGCTGAGGCTCGA,Firmicutes,Bacilli,Lactobacillales,Lactobacillaceae,Lactobacillus,Lactobacillus,0.9999989,>5417f5a187626c5667a8e29ee5d36e2f
ASV2778,LactobacillusASV2778S,4cb3fb221b72cf0e5e907f504e8f8f32,TTGTCCTGATTTATTGGGCGTAAAGCTAGTGCAGGCGGTTCAATAAGTCTGATGTGAAAGCCTTCGGCTCAACCGGAGAATTGCATCAGAAACTGTTGAACTTGAGTGCAGAAGAGGAGAGTGGAACTCCATGTGTAGCGGTGGAATGCGTAGATATATGGAAGAACACCAGTGGCGAAGGCGGCTCTCTGGTCTGCAACTGACGCTGAGGCTCGA,Firmicutes,Bacilli,Lactobacillales,Lactobacillaceae,Lactobacillus,Lactobacillus,0.9999999,>4cb3fb221b72cf0e5e907f504e8f8f32
ASV278,MycoplasmaASV278S,75a496852f787c6be80fccff7be5b142,TTATCCGGAATTATTGGGCGTAAAGCGTCCGTAGGTTTTTTGTTAAGTTTAAGGTTAAATGCTAAAGCTCAACTTTAGTCCGATTTAGATACTGGCAAAATAGAATTATGAAGAGGTTAGCGGAATTCCTAGTGGAGCGGTGGAATGCGTAGATATTAGGAAGAACACCAATAGGCGAAGGCAGCTAACTGGTCATATATTGACACTAAGGGACGA,Tenericutes,Mollicutes,Mycoplasmatales,Mycoplasmataceae,Mycoplasma,Mycoplasma dispar,0.9899312,>75a496852f787c6be80fccff7be5b142
ASV2780,EscherichiaShigellaASV2780S,90c35f3de2e1c87195a2bbb77e12335b,TTAATCGGAATTACTGGGCGTAAAGCGCACGCAGGCGGTTTGTTAAGTCAGATGTGAAATCCCCGGGCTCAACCTGGGAACTGCATCTGATACTGGCAAGCTTGAGTCTCGTAGAGGGGGGTAGAATTCCAAGTGTAGCGGTGAAATGCGTAGAGATCTGGAGGAATACCGGTGGCGAAGGCGGCCCCCTGGACGAAGACTGACGCTCAGGTGCGA,Proteobacteria,Gammaproteobacteria,Enterobacteriales,Enterobacteriaceae,Escherichia-Shigella,Escherichia-Shigella,0.9866327,>90c35f3de2e1c87195a2bbb77e12335b
ASV2804,PasteurellaASV2804S,cb36c3596d09db57820760d26a97129a,TTAATCGGAATAACTGGGCGTAAAGGGCACGCAGGCGGACTTTTAAGTGAGATGTGAAATCCCCGAGCTTAACTTGGGAACTGCATTTCAGACTGGGAGTCTAGAGTACTTTAGGGAGGGGTAGAATTCCACGTGTAGCGGTGAAATGCGAAGAGATGTGGAGGAATACCGAAGGCGAAGGCAGCCCCTTGGGAACGTACTGACGCTCATGTGCGA,Proteobacteria,Gammaproteobacteria,Pasteurellales,Pasteurellaceae,Pasteurella,Pasteurella,0.9930796,>cb36c3596d09db57820760d26a97129a
ASV2811,LactobacillusASV2811S,621daf16308fa19eb25a4057b5c05436,TTATCCGGATTTATTGGGCGTAAAGGGAACGCAGGCGGTCTTTTAAGTCTGATGTGAAAGCCTTCGGCTTAACCGGAGTAGTGCATTGGAAACTGGGAGGCTTGAGTGCAGAAGAGGAGAGTGGAACTCCATGTGTAGCGGTGAAATGCGTAGATATATGGAAGAACACCAGTGGCGAAAGCGGCTCTCTGGTCTGTAACTGACGCTGAGGTTCGA,Firmicutes,Bacilli,Lactobacillales,Lactobacillaceae,Lactobacillus,Lactobacillus,0.9999964,>621daf16308fa19eb25a4057b5c05436
ASV2812,LactobacillusASV2812S,83bf9d36a17c64f802d55337852f33d7,TTGTCCGGATTTATTGGGCGTAAAGCGAGCGCAGGCGGAAAAATAAGTCTAATGTGAAAGCCCTCGGCTTAACCGAGGAACTGCATCGGAAACTGTTTTTCTTGAGTGCAGAAGAGGAGAGTGGAACTCCATGTGTGGCGGTGGAATGCGTAGATATATGGAAGAACACCAGTGGCGAAGGCGGCTCTCTGGTCTGCAACTGACGCTGAGGCTCGA,Firmicutes,Bacilli,Lactobacillales,Lactobacillaceae,Lactobacillus,Lactobacillus,0.999999,>83bf9d36a17c64f802d55337852f33d7
ASV283,LactobacillusASV283S,d932c3c5a14a702b8237676b3fcadc6c,TTATCCGGATTTATTGGGCGTAAAGCGAGCGCAGGCGGTTGCTTAGGTCTGATGTGAAAGCCTTCGGCTTAACCGAAGAAGTGCATCGGAAACCGGGCGACTTGAGTGCAGAAGAGGATAGTGGAACTCCATGTGTAGCAGTGGAATGCGTAGATATATGGAAGAACACCAGTGGCGAAGGCGGCTGTCTGGTCCGCAACTGACGCTGAGGCTCGA,Firmicutes,Bacilli,Lactobacillales,Lactobacillaceae,Lactobacillus,Lactobacillus,0.999978,>d932c3c5a14a702b8237676b3fcadc6c
ASV284,LactobacillusASV284S,e0d66afca33c45bfb8e4ab234f3263a9,TTAACCGGATTTATTGGGCGTAAAGCGAGCGCAGGCGGTTGCTTAGGTCTGATGTGAAAGCCTTCGGCTTAACCGAAGAAGGGCATCGGAAACCGGGCGACTTGAGTGCAGAAGAGGACAGTGGAACTCCATGTGTAGCGGTGGAATGCGTAGATATATGGAAGAACACCAGTGGCGAAGGCGGCTGTCTGGTCTGCAACTGACGCTGAGGCTCGA,Firmicutes,Bacilli,Lactobacillales,Lactobacillaceae,Lactobacillus,Lactobacillus vaginalis,0.8854781,>e0d66afca33c45bfb8e4ab234f3263a9
ASV2840,Clostridiumsensustricto12ASV2840S,61b43ab55d8174a9b4f3f85d12e0d012,TTGTCCGGATTTACTGGGCGTAAAGGGAGCGTAGGCGGACTTTTAAGTGAGATGTGAAATACCCGGGCTTAACTTGGGTGCTGCATTTCAAACTGGAAGTCTAGAGTGCAGGAGAGGAGAATGGAATTCCTAGTGTAGCGGTGAAATGCGTAGAGATTAGGAAGAACACCAGTGGCGAAGGCGATTCTCTGGACTGTAACTGACGCTGAGGCTCGA,Firmicutes,Clostridia,Clostridiales,Clostridiaceae 1,Clostridium sensu stricto 1,Clostridium sensu stricto 1,0.9983138,>61b43ab55d8174a9b4f3f85d12e0d012
ASV2904,LactobacillusASV2904S,c1d8b65cccc067be52395c7109cc90bc,TTATCCGGATTTATTGGGCGTAAAGCGAGCGCAGGCGGTTGCTTAGGTCTGATGTGAAAGCCTTCGGCTTAACCGAAGAAGTGCATAGGAAACCGGGCGACTTGAGTGCAGAAGAGGACAGTGGAACTCCATGTGTAGCGGTGGAATGCGTAGATATATGGAAGAACACCAGTGGCGAAGGCGGCTGTCTGGTCTGCAACTGACGCTGAGGCTCGA,Firmicutes,Bacilli,Lactobacillales,Lactobacillaceae,Lactobacillus,Lactobacillus,0.9999947,>c1d8b65cccc067be52395c7109cc90bc
ASV2910,EscherichiaShigellaASV2910S,693d83984861d57f56468a19f75d77cc,TTAATCGGAATTACTGGGCGTAAAGCGCACGCAGGCGGTTTGTTAAGTCAGATGTGAAATCCCCGGGCTCAACCTGGGAACTGCATCTGATACTGGCAAGCTTGAGTCTCGTAGAGGGGAGTAGAATTCCAGGTGTAGCGGTGAAATGCGTAGAGATCTGGAGGAATACCGGTGGCGAAGGCGGCCCCCTGGACGAAGACTGACGCTCAGGTGCGA,Proteobacteria,Gammaproteobacteria,Enterobacteriales,Enterobacteriaceae,Escherichia-Shigella,Escherichia-Shigella,0.9893074,>693d83984861d57f56468a19f75d77cc
ASV2948,LactobacillusASV2948S,6ae182465dfe2ce64af404fc1a441d67,TTATCCGGATTTATTGGGCGTAAAGCGAGCGCAGGCGGTTGCTTAGGTCTGATGTGAAAGCCTTCGGCTTAACCGAAGAAGTGCATCGGAAACCGGGCAACTTGAGTGCAGAAGAGGACAGTGGAACTCCATGTGTAGCGGTGGAATGCGTAGATATATGGAAGAACACCAGTGGCGAAGGCTGCTGTCTGGTCTGCAACTGACGCTGAGGCTCGA,Firmicutes,Bacilli,Lactobacillales,Lactobacillaceae,Lactobacillus,Lactobacillus,0.9999915,>6ae182465dfe2ce64af404fc1a441d67
ASV2979,LactobacillusASV2979S,889b657ba8c1f96bfabe992b93ec0f27,TTATCCGGATTTATTGGGCGTAAAGCGAGCGCAGGCGGTTGCTTAGGTCTGATGTGAAAGCCTTCGGCTTAACCGAAGAAGTGCATCGGAAACCGGGCGACTTGAGTGCAGAAGAGGATAGTGGAACTCCATGTGTAGCGGTGGAATGCGTAGATATATGGAAGAACACCAGTGGCGAAGGCGGCTGTCTGGTCTGCAACTGACGCTGAGGCTCGA,Firmicutes,Bacilli,Lactobacillales,Lactobacillaceae,Lactobacillus,Lactobacillus,0.9999971,>889b657ba8c1f96bfabe992b93ec0f27
ASV2988,LactobacillusASV2988S,4b2ec0f2889d55b3ac6147a76d4547c4,TTGTCCGGATTTATTGGGCGTAAAGCGAGCGCAGGCGGAAGAATAAGTCTGATGTGAAAGCCCTCGGCTTAACCGAGGAACTGCATCGGAAACTGTTTTTCTTGAGTGCAGAAGAGGAGAGTGGAACTCCATGCGTAGCGGTGGAATGCGTAGATATATGGAAGAACACCAGTGGCGAAGGCGGCTCTCTGGTCTGCAACTGACGCTGAGGCTCGA,Firmicutes,Bacilli,Lactobacillales,Lactobacillaceae,Lactobacillus,Lactobacillus,0.9999996,>4b2ec0f2889d55b3ac6147a76d4547c4
ASV300,LactobacillusASV300S,2d4edb0c94b97162b50e900299d812ad,TTGTCCGGATTTATTGGGCGTAAAGGGAACGCAGGCGGTCTTTTAAGTCTGATGTGAAAGCCTTCGGCTTAACCGGAGTAGTACATTGGAAACTGGAAGACTTGAGTGCAGAAGAGGAGAGTGGAACTCCATGTGTAGCGGTGAAATGCGTAGATATATGGAAGAACACCAGTGGCGAAAGCGGCTCTCTGGTCTGTAACTGACGCTGAGGTTCGA,Firmicutes,Bacilli,Lactobacillales,Lactobacillaceae,Lactobacillus,Lactobacillus,0.9999995,>2d4edb0c94b97162b50e900299d812ad
ASV3026,LactobacillusASV3026S,c6ba7e9adcbc50c0ac80c64cefbd4357,TTATCCGGATTTATTGGGCGTAAAGCGAGCGCAGGCGGTTGCTTAGGTCTGATGTGAAAGCCTTCGGCTTAACCGAAGAAGTGCATCGGAAACCGGGCAACTTGAGTGCAGAAGAGGACAGTGGAACTCCATGTGTAGCGGTGGAATGCGTAGATATATGGAAGAACACCAGTGGCGAAGGCGGCTGTCTGGTCTGCAACTGACGCTGAGGATCGA,Firmicutes,Bacilli,Lactobacillales,Lactobacillaceae,Lactobacillus,Lactobacillus,0.9999926,>c6ba7e9adcbc50c0ac80c64cefbd4357
ASV3045,LactobacillusASV3045S,411392cb4be261a2b55385835df3685b,TTGTCCGGATTTATTGGGCGTAAAGGGAACGCAGGCGGTCTTTTAAGTCTGATGTGAAAGCCTTCGGCTTAACCGGAGTAGTGCATTGGAAACTGGAAGACTTGAGTGCAGAAGAGGAGAGTGGAACTCCATGTGTAGCGGTGAAATGCGTAGATATATGGAAGAACACCAGTGGCGAAAGCGGCTCTCTGGTCTGTAACTGACGCTGAGGTTCGA,Firmicutes,Bacilli,Lactobacillales,Lactobacillaceae,Lactobacillus,Lactobacillus salivarius,0.8795594,>411392cb4be261a2b55385835df3685b
ASV3046,LactobacillusASV3046S,1c081fcd670456c92281cac151550e82,TTGTCCGGATTTATTGGGCGTAAAGCGAGCGCAGGAGGAAGAATAAGTCTGATGTGAAAGCCCTCGGCTTAACCGAGGAACTGCATCGGAAACTGTTTTTCTTGAGTGCAGAAGAGGAGAGTGGAACTCCATGCGTAGCGGTGGAATGCGTAGATATATGGAAGAACACCAGTGGCGAAGGCGGCTCTCTGGTCTGCAACTGACGCTGAGGCTCGA,Firmicutes,Bacilli,Lactobacillales,Lactobacillaceae,Lactobacillus,Lactobacillus,0.9999984,>1c081fcd670456c92281cac151550e82
ASV3059,LactobacillusASV3059S,95e996b6512a4c0dabab115e50e16520,TTGTCCGGATTTATTGGGCGTAAAGCGAGCGCAGGCGGAAAGATAAGTCTGAAGTGAAAGCCCCCGGCTTAACCGGGGAACTGCTTCGGAAACTGTCCTTCTTGAGTGTAGAAGAGGAGAGTGGAACTCCATGTGTAGCGGTGGAATGCGTAGATATATGGAAGAACACCAGTGGCGAAGGCGGCTCTCTGGTCTGCAACTTACGCTGAGGCTCGA,Firmicutes,Bacilli,Lactobacillales,Lactobacillaceae,Lactobacillus,Lactobacillus,0.9999997,>95e996b6512a4c0dabab115e50e16520
ASV3062,LactobacillusASV3062S,ca06344bc83f2639c2bb6d9c4a3ff6e0,TTGTCCGGATTTATTGGGCGTAAAGCGAGCGCAGGCGGAAAGATAAGTCTGAAGTGAAAGCCCCCGGCTTAACCGGGGAACTGCTTCGGAAACTGTCCTTCTTGAGTGCAGAAGAGGAGAGTGGAACTCCATGTGTAGCGGTGGAATGCGTAGATATATGGAAGAACACCAGTGGCGAAGGCGGTTCTCTGGTCTGCAACTGACGCTGAGGCTCGA,Firmicutes,Bacilli,Lactobacillales,Lactobacillaceae,Lactobacillus,Lactobacillus,0.9999996,>ca06344bc83f2639c2bb6d9c4a3ff6e0
ASV3145,EscherichiaShigellaASV3145S,098cf6bc23cd9a44216d1a7b03698dfb,TTAATCGGAATTACTGGGCGTAAAGCGCACGCAGGCGGTTTGTTAAGTCAGATGTGAAATCCCCGGGCTCAACCTGGGAACTGCATCTGATACTGGCAAGCTTGAGTCTCGTAGAGGGGGGTAGAATTCCAGGTGTAGCGGTGAAATGCGTAGAGATCTGGAGGAATACCGGTGGCGAAGGCGGCCCCCAGGACGAAGACTGACGCTCAGGTGCGA,Proteobacteria,Gammaproteobacteria,Enterobacteriales,Enterobacteriaceae,Escherichia-Shigella,Escherichia-Shigella,0.9857948,>098cf6bc23cd9a44216d1a7b03698dfb
ASV3156,MycoplasmaASV3156S,fce45eb761e3fd0cc3cb1e983d67c42f,TTATCCGGAATTATTGGGCGTAAAGCGTCCGCAGGTTTTTTGTTAAGTTTAAGGTTAAATGCTAATGCTCAACTTTAGTTCGCTTTAGATACTGACAAAATAGAATTATGAAGAGGTTAGCGGAATTCCTAGTGGAGCGGTGGAATGCGTAGATATTAGGAAGAACACCAATAGGCGAAGGCAGCTAACTGGTCATATATTGACACTAATGGACGA,Tenericutes,Mollicutes,Mycoplasmatales,Mycoplasmataceae,Mycoplasma,Mycoplasma,1,>fce45eb761e3fd0cc3cb1e983d67c42f
ASV3174,LactobacillusASV3174S,0e6d46eb461afce97335119aaf773466,TTGTCCGGATTTATTGGGCGTAAAGGGAACGCAGGCGGTTTTTTAAGTCTGATGTGAAAGCCTTCGGCTTAACCGGAGATGTGCATTGGAAACTGGAAGACTTGAGTGCAGAAGAGGAGAGTGGAACTCCATGTGTAGCGGTGAAATGCGTAGATATATGGAAGAACACCAGTGGCGAAAGCGGCTCTCTGGTCTGTAACTGACGCTGAGGTTCGA,Firmicutes,Bacilli,Lactobacillales,Lactobacillaceae,Lactobacillus,Lactobacillus aviarius,0.9551805,>0e6d46eb461afce97335119aaf773466
ASV319,LactobacillusASV319S,8a6dcde3cf7439639e656fbf6a2c8b5a,TTGTCCGGATTTATTGGGCGTAAAGCGAGCGCAGGCGGAAGAATAAGTCTGATGTGAAAACCCTCGGCTTAACCGAGGAACTGCATCGGAAACTGTTTTTCTTGAGTGCAGAAGAGGAGAGTGGAACTCCATGTGTAGCGGTGGAATGCGTAGATATATGGAAGAACACCAGTGGCGAAGGCGGCTCTCTGGTCTGCAACTGACGCTGAGGCTCGA,Firmicutes,Bacilli,Lactobacillales,Lactobacillaceae,Lactobacillus,Lactobacillus,0.9999989,>8a6dcde3cf7439639e656fbf6a2c8b5a
ASV3211,LactobacillusASV3211S,ab5635820e7b55c502b8f688ec4ffca5,TTGTCCGGATTTATTGGGCGTAAAGCGAGCGCAGGCGGAAGAATAAGTCTGATGTGAAAGCCCTCGGCTTAACCGAGGAACTGCATCGGAAACTGTTTTTCTTGAGTGCAGAAGAGGAGAGTGGAACTCCATGTGTAGCGGTGGAATGCGTAGATATATGGAAGAACACCAGTGGCGAAGGCGACTTTCTGGACAGAAACTGACGTTGAGGCACGA,Firmicutes,Bacilli,Lactobacillales,Lactobacillaceae,Lactobacillus,Lactobacillus,0.9999985,>ab5635820e7b55c502b8f688ec4ffca5
ASV3248,LactobacillusASV3248S,171db9ca0fa58172011eafc6d633b852,TTGTCCGGATTTATTGGGCGTAAAGCGAGCGCAGGCGGAAGAATAAGTCTGATGTGAAAGCCCTCGGCTTAACCGAGGAACTGCATCGGAAACTGTTTTTCTTGAGTGCAGAAGAGGAGAGTGGAACTCCATGTGTAGCGGTGGAATGCGTAGATATATGGAAGAACACCAGTGGCGAAGGCGGCTGTCTGGTCTGCAACTGACACTGAGGCTCGA,Firmicutes,Bacilli,Lactobacillales,Lactobacillaceae,Lactobacillus,Lactobacillus,0.9999995,>171db9ca0fa58172011eafc6d633b852
ASV3260,LactobacillusASV3260S,0a2bce18eccde445a0d64b08f77fa73b,TTATCCGGATTTATTGGGCGTAAAGCGAGCGCAGGCGGTTTGATAAGTCTGATGTGAAAGCCTTTGGCTTAACCAAAGAAGTGCATCGGAAACTGTCAGACTTGAGTGCAGAAGAGGATAGTGGAACTCCATGTGTAGCGGTGGAATGCGTAGATATATGGAAGAACACCAGTGGCGAAGGCGGCTGTCTGGTCTGCAACTGACGCTGAGGCTCGA,Firmicutes,Bacilli,Lactobacillales,Lactobacillaceae,Lactobacillus,Lactobacillus mucosae,0.7519087,>0a2bce18eccde445a0d64b08f77fa73b
ASV3266,LactobacillusASV3266S,9cadc642d64ae5a555875d494fef3313,TTATCCGGATTTATTGGGCGTAAAGCGAGCGCAGGCGGTTACTTAAGTCTGATGTGAAAGCCTTCGGCTTAACCGAAGAAGTGCATCGGAAACTGGGTGACTTGAGTGCAGAAGAGGACAGTGGAACTCCATGTGTAGCGGTGGAATGCGTAGATATATGGAAGAACACCAGTGGCGAAGGCGGCTGTCTGGTATGCAACTGACGCTGAGGCTCGA,Firmicutes,Bacilli,Lactobacillales,Lactobacillaceae,Lactobacillus,Lactobacillus pontis,0.9778037,>9cadc642d64ae5a555875d494fef3313
ASV3278,LactobacillusASV3278S,7caaa2a755599e6c4cee23229efa12a3,TTATCCGGATTTATTGGGCGTAAAGCGAGCGCAGGCGGAAAAATAAGTCTAATGTGAAAGCCCTTGGCTTAACCGAGGAACTGCATCGGAAACTGTTTTTCTTGAGTGCAGAAGAGGAGAGTGGAACTCCATGTGTAGCGGTGGAATGCGTAGATATATGGAAGAACACCAGTGGCGAAGGCGGCTCTCTGGTCTGCAACTGACGCTGAGGCTCGA,Firmicutes,Bacilli,Lactobacillales,Lactobacillaceae,Lactobacillus,Lactobacillus,0.9999909,>7caaa2a755599e6c4cee23229efa12a3
ASV3291,LactobacillusASV3291S,e916105ed9906635e67f195e2b33e3aa,TTGTCCGGATTTATTGGGCGTGAAGCGAGCGCAGGCGGAAAAATAAGTCTAATGTGAAAGCCCTTGGCTTAACCGAGGAACTGCATCGGAAACTGTTTTTCTTGAGTGCAGAAGAGGAGAGTGGAACTCCATGTGTAGCGGTGGAATGCGTAGATATATGGAAGAACACCAGTGGCGAAGGCGGCTCTCTGGTCTGCAACTGACGCTGAGGCTCGA,Firmicutes,Bacilli,Lactobacillales,Lactobacillaceae,Lactobacillus,Lactobacillus,0.9999934,>e916105ed9906635e67f195e2b33e3aa
ASV3328,LactobacillusASV3328S,b8347f3a82359a7e9c808a5b8906343f,TTATCCGGATTTATTGGGCGTAAAGCGAGCGCAGGCGGTTTTCTAAGTCTGATGTGAAAGCCTTCGGCTTAACCGAAGAAGTGCATCGGAAACTGGGTGACTTGAGTGCAGAAGAGGGCAGTGGAACTCCATGTGTAGCGGTGGAATGCGTAGATATATGGAAGAACACCAGTGGCGAAGGCGGCTGCCTGGTCTGTAACTGACGCTGAGGCTCGA,Firmicutes,Bacilli,Lactobacillales,Lactobacillaceae,Lactobacillus,Lactobacillus ingluviei,0.9294431,>b8347f3a82359a7e9c808a5b8906343f
ASV3347,Clostridiumsensustricto4ASV3347S,23d4d2c065616815788de5610a6f5e2f,TTGTCCGGATTTACTGGGCGTAAAGGGAGCGTAGGCGGACTTTTAAGTGAGATGTGAAATACCCGGGCTCAACTTGGGTGCTGCATTTCAAACTGGAAGTCTAGAGTGCAGGAGAGGAGAATGGAATTCCTAGTGTAGCGGTGAAATGCGTAGAGATTAGGAAGAACACCAGTGGCGAAGGCGATTCTCTGGACTGTAACTGACGCTGAGGCTCGA,Firmicutes,Clostridia,Clostridiales,Clostridiaceae 1,Clostridium sensu stricto 1,Clostridium sensu stricto 1,0.9998001,>23d4d2c065616815788de5610a6f5e2f
ASV3352,LactobacillusASV3352S,4b108a7aa497e91a523ab8bc518bcc8f,TTATCCGGATTTATTGGGCGTAAAGCGAGCGCGGGCGGTTGCTTAGGTCTGATGTGAAAGCCTTCGGCTTAACCGAAGAAGTGCATCGGAAACCGGGCGACTTGAGTGCAGAAGAGGACAGTGGAACTCCATGTGTAGCGGTGGAATGCGTAGATATATGGAAGAACACCAGTGGCGAAGGCGGCTGTCTGGTCTGCAACTGACGCTGAGGCTCGA,Firmicutes,Bacilli,Lactobacillales,Lactobacillaceae,Lactobacillus,Lactobacillus,0.9999981,>4b108a7aa497e91a523ab8bc518bcc8f
ASV3364,LactobacillusASV3364S,02ec64cf74b7bb6c3a558a711294a420,TTGTCCGGATTTATTGGGCGTAAAGCGAGTGCAGGCGGTTCAATAAGTCTGATGTGAAAGCCTTCGGCTCAACCGGAGAATTGCATCAGAAACTGTTGAACTTGAGTGCAGAAGAGGAGAGTGGAACTCCATGTGTAGCGGTGGAATGCGTAGATATATGGAAGAACACCAGTGGCGAAGGCGGCTCTCTGGTCTGCAACTGACGCTGAGGCTCGA,Firmicutes,Bacilli,Lactobacillales,Lactobacillaceae,Lactobacillus,Lactobacillus,1,>02ec64cf74b7bb6c3a558a711294a420
ASV3382,LactobacillusASV3382S,241e5cb5b87706fb5e01a3db7f19a7cf,TTGTCCGGATTTATTGGGCGTAAAGCGAGCGCAGGCGGAAAGATAAGTCTGAAGTGAAAGCCCCCGGCTTAACCGGGGAACTGCTTCGGAAACTGTCCTTCTTGAGTTCAGAAGAGGAGAGTGGAACTCCATGTGTAGCGGTGGAATGCGTAGATATATGGAAGAACACCAGTGGCGAAGGCGGCTGTCTGGTCTGCAACTGACGCTGAGGCTCGA,Firmicutes,Bacilli,Lactobacillales,Lactobacillaceae,Lactobacillus,Lactobacillus,0.9999997,>241e5cb5b87706fb5e01a3db7f19a7cf
ASV34,MycoplasmaASV34S,6535b99e33d3e3b281acee4354596398,TTATCCGGAATTATTGGGCGTAAAGCGTCCGTAGGTTTTTTGTTAAGTTTAAGGTTAAATGCTAAAGCTCAACTTTAGTCCGCTTTAGATACTGGCAAAATAGAATTATGAAGAGGTTAGCGGAATTCCTAGTGGAGCGATGGAATGCGTAGATATTAGGAAGAACACCAATAGGCGAAGGCAGCTAACTGGTCATATATTGACACTAAGGGACGA,Tenericutes,Mollicutes,Mycoplasmatales,Mycoplasmataceae,Mycoplasma,Mycoplasma dispar,0.9718127,>6535b99e33d3e3b281acee4354596398
ASV3414,Clostridiumsensustricto26ASV3414S,d2fc76d58b8661825b5d0076b8944b29,TTGTCCGGATTTACTGGGCGTAAAGGGAGCGTAGGCGGATTTTTAAGTGAGATGTGAAATACCCGGGCTCAACTTGGGTGCTGCATTTCAAACTGGAAGTCTAGAGTGCAGGAGAGGAGAGTGGAATTCCTAGTGTAGCGGTGAAATGCGTAGAGATTAGGAAGAACACCAGTGGCGAAGGCGACTCTCTGGACTGTAACTGACGCTGAGGCTCGA,Firmicutes,Clostridia,Clostridiales,Clostridiaceae 1,Clostridium sensu stricto 1,Clostridium sensu stricto 1,0.9998233,>d2fc76d58b8661825b5d0076b8944b29
ASV3436,LactobacillusASV3436S,1e47fda5135d753d8729b34482580cdc,TTGTCCGGATTTATTGGGCGTAAAGCGAGCGCAGGCGGAAAAATAAGTCTAATGTGAAAGCCCTTGGCTTAACCGAGGAACTGCATCGGAAACTGTTTTTCTTGAGTGCAGAAGAGGAGAGTGGAACTCCATGTGTAGCGGTGGAATGCGTAGATATATGGAAGAACACCAGTGGCGAAGGCGGCTCTCTGGTCTGCAACTGACGCTGAGGCTCGA,Firmicutes,Bacilli,Lactobacillales,Lactobacillaceae,Lactobacillus,Lactobacillus,0.9999934,>1e47fda5135d753d8729b34482580cdc
ASV3441,LactobacillusASV3441S,23a2ad257fb2d9f8509eb48fee7d8afe,TTATCCGGATTTATTGGGCGTAAAGCGAGCGCAGGCGGAAGAATAAGTCTGATGTGAAAGCCCTCGGCTTAACCGAGGAACTGCATCGGAAACTGTTTTTCTTGAGTGCAGAAGAGGAGAGTGGAACTCCATGTGTAGCGGTGGAATGCGTAGATATATGGAAGAACACCAGTGGCGAAGGCGGCTCTCTGGTCTGCAACTGACGCTGAGGCTCGA,Firmicutes,Bacilli,Lactobacillales,Lactobacillaceae,Lactobacillus,Lactobacillus,0.9999999,>23a2ad257fb2d9f8509eb48fee7d8afe
ASV3446,Clostridiumsensustricto10ASV3446S,4756916013745b77229f11a3a15c9ec9,TTGTCCGGATTTACTGGGCGTAAAGGGAGCGTAGGTGGATATTTAAGTGGTATGTGAAATACTCGGGCTTAACCTGGGTGCTGCATTCCAAACTGGATATCTAGAGTGCAGGAGAGGAAAGTAGAATTCCTAGTGTAGCGGTGAAATGCGTAGAGATTAGGAAGAATACCAGTGGCGAAGGCGACTTTCTGGACTGTAACTGACACTGAGGCTCGA,Firmicutes,Clostridia,Clostridiales,Clostridiaceae 1,Clostridium sensu stricto 1,Clostridium sensu stricto 1,0.9999772,>4756916013745b77229f11a3a15c9ec9
ASV3476,LactobacillusASV3476S,b7c794e675f986384eeedced036fda02,TTATCCGGATTTATTGGGCGTAAAGCGAGCGCAGGCGGTTGCTTAGGTCTGATGTGAAAGCCTTCGGCTTAACCGAAGAAGTGCATCGGAAACCGGGCGACTTGAGTGCAGAAGAGGACAGTGGAACTCCATGTGTAGCGGTGGAATGCGTAGATATATGGAAGAACACCAGTGGCGAAGGCGGCTGTCTGGTCTGCAGCTGACGCTGAGGCTCGA,Firmicutes,Bacilli,Lactobacillales,Lactobacillaceae,Lactobacillus,Lactobacillus,0.9999964,>b7c794e675f986384eeedced036fda02
ASV3485,LactobacillusASV3485S,c0856207b985466735e1c220665cb3f3,TTATCCGGATTTATTGGGCGTAAAGCGAGCGCAGGCGGTTACTTAAGTCTGATGTGAAAGCCTTCGGCTTAACCGAAGAAGTGCATCGGAAACTGAGTGACTTGAGTGCAGAAGAGGACAGTGGAACTCCATGTGTAGCGGTGGAATGCGTAGATATATGGAAGAACACCAGTGGCGAAGGCGGCTGTCTGGTCTGCAACTGACGCTGAGGCTCGA,Firmicutes,Bacilli,Lactobacillales,Lactobacillaceae,Lactobacillus,Lactobacillus pontis,0.8425179,>c0856207b985466735e1c220665cb3f3
ASV3487,LactobacillusASV3487S,20bb42da3eb7035827a2194c9c4e8af9,TTATCCGGATTTATTGGGCGTAAAGCGAGCGCAGGCAGTTGCTTAGGTCTGATGTGAAAGCCTTCGGCTTAACCGAAGAAGTGCATCGGAAACCGGGCGACTTGAGTGCAGAAGAGGACAGTGGAACTCCATGTGTAGCGGTGGAATGCGTAGATATATGGAAGAACGCCAGTGGCGAAGGCGGCTGTCTGGTCTGCAACTGACGCTGAGGCTCGA,Firmicutes,Bacilli,Lactobacillales,Lactobacillaceae,Lactobacillus,Lactobacillus,0.9999888,>20bb42da3eb7035827a2194c9c4e8af9
ASV3507,LactobacillusASV3507S,74c25f2970a718b7172a05108ad971c4,TTATCCGGATTTATTGGGCGTAAAGCGAGCGCAGGCGGTCGCTTAGGTCTGATGTGAAAGCCTTCGGCTTAACCGAAGAAGTGCATCGGAAACCGGGCGACTTGAGTGCAGAAGAGGACAGTGGAACTCCATGTGTAGCGGTGGAATGCGTAGATATATGGAAGAACACCAGTGGCGAAGGCGGCTGTCTGGTCTGCAACTGACGCTGAGGCTCGA,Firmicutes,Bacilli,Lactobacillales,Lactobacillaceae,Lactobacillus,Lactobacillus,0.999982,>74c25f2970a718b7172a05108ad971c4
ASV3511,LactobacillusASV3511S,3b6e0d73be79d6970be1b9496db0555d,TTATCCGGATTTATTGGGCGTAAAGCGAGCGCAGGCGGTTTGATAAGTCTGATGTGAAAGCCTTTGGCTTAACCAAAGAAGTGCATCGGAAACTGTCAGACTTGAGTGCAGAAGAGTACAGTGGAACTCCATGTGTAGCGGTGGAATGCGTAGATATATGGAAGAACACCAGTGGCGAAGGCGGCTGTCTGGTCTGCAACTGACGCTGAGGCTCGA,Firmicutes,Bacilli,Lactobacillales,Lactobacillaceae,Lactobacillus,Lactobacillus mucosae,0.7515086,>3b6e0d73be79d6970be1b9496db0555d
ASV3549,LactobacillusASV3549S,8324e418af4c6b0334b77f61b4cb1f42,TTGTCCGGATTTATTGGGCGTAAAGCGAGCGCAGGCGGAAAAATAAGTCTAATGTGAAAGCCCTCGGCTTAACCGAGGAACTGCATCGGAAACTGTTTTTCTTGAGTACAGAAGAGGAGAGTGGAACTCCATGTGTAGCGGTGGAATGCGTAGATATATGGAAGAACACCAGTGGCGAAAGCGGCTCTCTGGTCTGTAACTGACGCTGAGGTTCGA,Firmicutes,Bacilli,Lactobacillales,Lactobacillaceae,Lactobacillus,Lactobacillus,0.9999998,>8324e418af4c6b0334b77f61b4cb1f42
ASV357,HistophilusASV357S,7e48c76897a8fe299338eb4ef4e353d9,TTAATCGGAATGACTGGGCGTAAAGGGCACGCAGGTGGTGACTTAAGTGAGGTGTGAAATCCCCGGGCTTAACCTGGGAACAGCATTTCAGACTGGGTGACTAGAGTACTTTAGGGAGGGGTAGAATTCCACGTGTAGCGGTGAAATGCGTAGAGATGTGGAGGAATACCGAAGGCGAAGGCAGCCCCTTGGGAAGATACTGACGCTCGAGTGCGA,Proteobacteria,Gammaproteobacteria,Pasteurellales,Pasteurellaceae,Histophilus,Histophilus,0.9999983,>7e48c76897a8fe299338eb4ef4e353d9
ASV3636,LactobacillusASV3636S,7eef213dc876f1217356a55740127ce3,TTATCCGTATTTATTGGGCGTAAAGCGAGCTCAGGCGGTTGCTTAGGTCTGATGTGAAAGCCTTCGGCTTAACCGAAGAAGTGCATCGGAAACCGGGCAACTTGAGTGCAGAAGAGGACAGTGGAACTCCATGTGTAGCGGTGGAATGCGTAGATATATGGAAGAACACCAGTGGCGAAGGCGGCTGTCTGGTCTGCAACTGACGCTGAGGCTCGA,Firmicutes,Bacilli,Lactobacillales,Lactobacillaceae,Lactobacillus,Lactobacillus,0.9999841,>7eef213dc876f1217356a55740127ce3
ASV3640,Clostridiumsensustricto29ASV3640S,e52698c2f82dd34ddb4f5f684f4d4931,TTGTCCGGATTTACTGGGCGTAAAGGGAGCGTAGGCGGATTTTTAAGTGAGATGTGAAATACTCGGGCTTAACCTGAGTGCTGCATTTCAAACTGGAAGTCTGGAGTGCAGGAGAGGAGAAGGGAATTCCTAGTGTAGCGGTGAAATGCGTAGAGATTAGGAAGAACACCAGTGGCGAAGGCGCTTCTCTGGACTGTAACTGACGCTGAGGCTCGA,Firmicutes,Clostridia,Clostridiales,Clostridiaceae 1,Clostridium sensu stricto 1,Clostridium sensu stricto 1,0.9997196,>e52698c2f82dd34ddb4f5f684f4d4931
ASV3647,LactobacillusASV3647S,edb080c0c3857cef5e3113cc2f195236,TTGTCCGGATTTATTGGGCGTAAAGCGAGCGCAGGCGGAAAGATAAGTCTGAAGTGAAAGCCCCCGGCTTAACCGGGGAACTGCTTCGGAAACTGTCCTTCTTGAGTGTAGAAGAGGAGAGTGGAACTCCATGTGTAGCGGTGGAATGCGTAGATATATGGAAGAACACCAGTGGCGAAGGCGGCTGTCTGGTCTGCAACTGACGCTGAGGCTCGA,Firmicutes,Bacilli,Lactobacillales,Lactobacillaceae,Lactobacillus,Lactobacillus,0.9999998,>edb080c0c3857cef5e3113cc2f195236
ASV3664,LactobacillusASV3664S,a9d86806364eb6cf5b3f42211ea2ff59,TTATCCGGATTTATTGGGCGTAAAGCGAGCGCAGGCGGTTTGATAAGTCTGATGTGAAAGCCTTTGGCTTAACCAAAGAAGTGCATCGGAAACTGTCAGACTTGAGTGCAGAAGAGGACAGTGGAACTCCATGTGTAGCGGTGGAATGCGTAGATATATGGAAGAACACCAGTGGCGAAGGCGGCTGTCTGGTCTGTAGCTGACGCTGAGGCTCGA,Firmicutes,Bacilli,Lactobacillales,Lactobacillaceae,Lactobacillus,Lactobacillus mucosae,0.7786749,>a9d86806364eb6cf5b3f42211ea2ff59
ASV3668,LactobacillusASV3668S,939690987bd6b041d1422bf9d62f0074,TTGTCCGGATTTATTGGGCGTAAAGCGAGCGCAGGCGGAAAAATAAGTCTAATGTGAAAGCCCTCGGCTTAACCGAGGAACTGCATCGGAAACTGTTTTTCTTGAGTGCAGAAGAGGAGAGTGGAACTCCATGTGTAGCGGTGGAATGCGTAGATATATGGAAGAACACCAGTGGCGAAGGCGGCTCTCTGGTCTGCAACTGACGCTGAGGCTCGA,Firmicutes,Bacilli,Lactobacillales,Lactobacillaceae,Lactobacillus,Lactobacillus,0.9999992,>939690987bd6b041d1422bf9d62f0074
ASV3673,LactobacillusASV3673S,9429d71c22c34c9d88f153c15eed921f,TTATCCGGATTTATTGGGCGTAAAGCGAGCGCAGGCGGTTGCTTAGGTCTGATGTGAAAGCCTTCGGCTTAACCGAAGAAGTGCATCGGAAACCGGGAGACTTGAGTGCAGAAGAGGACAGTGGAACTCCATGTGTAGCGGTGGAATGCGTAGATATATGGAAGAACACCAGTGGCGAAGGCGGCTGTCTGGTCTGCAACTGACACTGAGGCTCGA,Firmicutes,Bacilli,Lactobacillales,Lactobacillaceae,Lactobacillus,Lactobacillus,0.9999132,>9429d71c22c34c9d88f153c15eed921f
ASV3675,MycoplasmaASV3675S,ba6895c25b0b2c91e35c25356abfc9cf,TTATCCGGAATTATTGGGCGTAAAGCGTCTGTAGGTTGTATGTTAAGTCTGGCGTGAAAACTTGGGGCTCAACCCCAAATTGCGTTGGATACTGGCATGCTAGAATTGTGTAGAGGTTAGCGGAATTCCTAGTGAAGCGGTGAAATGCGTAGATATTAGGAAGAACACCAATTTGGCGAAGGCAGCTAACTGGGCACATATTGACACTGAGAGACG,Tenericutes,Mollicutes,Mycoplasmatales,Mycoplasmataceae,Mycoplasma,Mycoplasma bovirhinis,0.9458794,>ba6895c25b0b2c91e35c25356abfc9cf
ASV3699,LactobacillusASV3699S,8c3e9b62dd51e5c41389dd750c687e4f,TTGTCCGGATTTATTGGGCGTAAAGCGAGCGCAGGCGGAAAAATAAGTCTAATGTGAAAGCCCTCGGCTTAACCGAGGAACTGCATCGGAAACTGTTTTTCTTGAGTGCAGAAGAGGAGAGTGGAACTCCATGTGTAGCGGTGGAATGCGTAGATATATGGAAGAACACCAGTGGCGAAGGCGGCTCTCCGGTCTGCAACTGACGCTGAGGCTCGA,Firmicutes,Bacilli,Lactobacillales,Lactobacillaceae,Lactobacillus,Lactobacillus,0.9999991,>8c3e9b62dd51e5c41389dd750c687e4f
ASV3707,LactobacillusASV3707S,00d6c8125b9a2f4682c89a2ac69e593e,TTATCCGGATTTATTGGGCATAAAGCGAGCGCAGGCGGTTGCTTAGGTCTGATGTGAAAGCCTTCGGCTTAACCGAAGAAGTGCATCGGAAACCGGGCGACTTGAGTGCAGAAGAGGACAGTGGAACTCCATGTGTAGCGGTGGAATGCGTAGATATATGGAAGAACACCAGTGGCGAAGGCGGCTGTCTGGTCTGCAACTGACGCTGAGGCTCGA,Firmicutes,Bacilli,Lactobacillales,Lactobacillaceae,Lactobacillus,Lactobacillus,0.9999978,>00d6c8125b9a2f4682c89a2ac69e593e
ASV3722,MycoplasmaASV3722S,ae33e219cede3dc24b7830d202f34901,TTATCCGGAATTATTGGGCGTAAAGCGTCCGTAGGTTTTTTGTTAAGTTTAAGGCTAAATGCTAAAGCTCAACTTTAGTCCGCTTTAGATACTGGCAAAATAGAATTATGAAGAGGTTAGCGGAATTCCTAGTGGAGCGGTGGAATGCGTAGATATTAGGAAGAACACCAATAGGCGAAGGCAGCTAACTGGTCATATATTGACACTAAGGGACGA,Tenericutes,Mollicutes,Mycoplasmatales,Mycoplasmataceae,Mycoplasma,Mycoplasma dispar,0.9738218,>ae33e219cede3dc24b7830d202f34901
ASV3733,LactobacillusASV3733S,83510cda2d1e73fb57b05403d4f89037,TTATCCGGATTTATTGGGCGTAAAGCGAGAGCAGGCGGTTTGATAAGTCTGATGTGAAAGCCTTTGGCTTAACCAAAGAAGTGCATCGGAAACTGTCAGACTTGAGTGCAGAAGAGGACAGTGGAACTCCATGTGTAGCGGTGGAATGCGTAGATATATGGAAGAACACCAGTGGCGAAGGCGGCTGTCTGGTCTGCAACTGACGCTGAGGCTCGA,Firmicutes,Bacilli,Lactobacillales,Lactobacillaceae,Lactobacillus,Lactobacillus mucosae,0.7665837,>83510cda2d1e73fb57b05403d4f89037
ASV3747,LactobacillusASV3747S,b2612c4e3b9e1f077aee31ef085c0b12,TTGTCCGGATTTATTGGGCGTAAAGCGAGCGCAGGCGGAAAGATAAGTCTGAAGTGAAAGCCCCCGGCTTAACCGGGGAACTGCTTCGGAAACTGTCCTTCTTGAGTGCAGAAGAGGAGAGTGGAACTCCATGTGTAGCGGTGGAATGCGTAGATATATGGAAGAACACCAGTGGCGAAGGCTGCTCTCTGGTCTGCAACTGACGCTGAGGCTCGA,Firmicutes,Bacilli,Lactobacillales,Lactobacillaceae,Lactobacillus,Lactobacillus,0.9999997,>b2612c4e3b9e1f077aee31ef085c0b12
ASV3769,LactobacillusASV3769S,37035b8c6a3b3a57673cd162efdd9826,TTGTCCGGATTTATTGGGCGTAAAGCGAGCGCAGGCGGAAAGATAAGTCTAATGTGAAAGCCCTCGGCTTAACCGAGGAACTGCATCGGAAACTGTTTTTCTTGAGTGCAGAAGAGGAGAGTGGAACTCCATGTGTAGCTGTGGAATGCGTAGATATATGGAAGAACACCAGTGGCGAAGGCGGCTCTCTGGTCTGCAACTGACGCTGAGGCTCGA,Firmicutes,Bacilli,Lactobacillales,Lactobacillaceae,Lactobacillus,Lactobacillus,0.9999915,>37035b8c6a3b3a57673cd162efdd9826
ASV3770,LactobacillusASV3770S,2b15252701b1d01f16ae60ecb29d378a,TTATCCGGATTTATTGGGCGTAAAGCGAGCGCAGGCGGTTTGATAAGTCTGATGTTAAAGCCTTTGGCTTAACCAAAGAAGTGCATCGGAAACTGTCAGACTTGAGTGCAGAAGAGGACAGTGGAACTCCATGTGTAGCGGTGGAATGCGTAGATATATGGAAGAACACCAGTGGCGAAGGCGGCTGTCTGGTCTGCAACTGACGCTGAGGCTCGA,Firmicutes,Bacilli,Lactobacillales,Lactobacillaceae,Lactobacillus,Lactobacillus mucosae,0.7575648,>2b15252701b1d01f16ae60ecb29d378a
ASV3821,LactobacillusASV3821S,6fd84ab209a5ca3f147e69a54a8b3c80,TTATCCGGATTTATTGGGCGTAAAGCGAGCGCAGGCGGTTGCTTAGGTCTGATGTGAAAGCCTTCGGCTTAACCGAAGAAGGGCATCGGAAACCGTGCGACTTGAGTGCAGAAGAGGACAGTGGAACTCCATGTGTAGCGGTGGAATGCGTAGATATATGGAAGAACACCAGTGGCGAAGGCGGCTGTCTGGTCTGCAACTGACACTGAGGCTCGA,Firmicutes,Bacilli,Lactobacillales,Lactobacillaceae,Lactobacillus,Lactobacillus vaginalis,0.8458361,>6fd84ab209a5ca3f147e69a54a8b3c80
ASV3831,LactobacillusASV3831S,116777aa568b5d5bdbde51cbbdcf7c02,TTGTCCGGATTTATTGGGCGTAAAGCGAGCGCAGGCGGAAAAATAAGTCTAATGTTAAAGCCCTCGGCTTAACCGAGGAACTGCATCGGAAACTGTTTTTCTTGAGTGCAGAAGAGGAGAGTGGAACTCCATGTGTAGTGGTGGAATGCGTAGATATATGGAATAACACCAGTGTCGAAGGCGGCTCTCTGGTCTGCAACTGACGCTGAGGCTCGA,Firmicutes,Bacilli,Lactobacillales,Lactobacillaceae,Lactobacillus,Lactobacillus,0.9999979,>116777aa568b5d5bdbde51cbbdcf7c02
ASV40,LactobacillusASV40S,ee506ae349b6e1651818bfd003ae805d,TTATCCGGATTTATTGGGCGTAAAGCGAGCGCGGGCGGTTACTTAAGTCTGATGTGAAAGCCTTCGGCTTAACCGAAGAAGTGCATCGGAAACTGGGTGACTTGAGTGCAGAAGAGGACAGTGGAACTCCATGTGTAGCGGTGGAATGCGTAGATATATGGAAGAACACCAGTGGCGAAGGCGGCTGTCTGGTCTGCAACTGACGCTGAGGCTCGA,Firmicutes,Bacilli,Lactobacillales,Lactobacillaceae,Lactobacillus,Lactobacillus pontis,0.9803742,>ee506ae349b6e1651818bfd003ae805d
ASV404,LactobacillusASV404S,79070195cbf3a62cddfe952c0963aa57,TTGTCCGGATTTATTGGGCGTAAAGCGAGCGCAGGCGGAAGAATAAGTCTGATGTGAAAGCCATCGGCTTAACCGAGGAACTGCATCGGAAACTGTTTTTCTTGAGTGCAGAAGAGGACAGTGGAACTCCATGTGTAGCGGTGGAATGCGTAGATATATGGAAGAACACCAGTGGCGAAGGCGGCTGTCTGGTCTGCAACTGACGCTGAGGCTCGA,Firmicutes,Bacilli,Lactobacillales,Lactobacillaceae,Lactobacillus,Lactobacillus,0.9999977,>79070195cbf3a62cddfe952c0963aa57
ASV410,LactobacillusASV410S,c75cc0df91753c760cd3e07a84e6ce82,TTGTCCGGATTTATTGGGCGTAAAGCGAGCGCAGGCGGAAAAATAAGTCTAATGTGAAAGCCCACGGCTCAACCGTGGAACTGCATCGGAAACTGTCATTCTTGAGTGCAGAAGAGGAGAGTGGAACTCCATGTGTAGCGGTGGAATGCGTAGATATATGGAAGAACACCAGTGGCGAAGGCTGCTCTCTGGTCTGCAACTGACGCTGAGGCTCGA,Firmicutes,Bacilli,Lactobacillales,Lactobacillaceae,Lactobacillus,Lactobacillus,0.9856849,>c75cc0df91753c760cd3e07a84e6ce82
ASV412,EscherichiaShigellaASV412S,5a6b98126c1236a0da3edec371808ff7,TTAATCGGAATTACTGGGCGTAAAGCGCACGCAGGCGGTTTGTTAAGTCAGATGTGAAATCCCCGGGCTCAACCTGGGAACTGCATCTGATACTGGCAAGCTTGAGTCTCGTAGAGGGGGGTAGAATTCCAGGTGTAGCGGTGAAATGCGTAGAGATCTGGAGGAATACCGGTGGCGAAGGCGGCCCCCTGGACGAAGACTGACGCTCAGGTGCGA,Proteobacteria,Gammaproteobacteria,Enterobacteriales,Enterobacteriaceae,Escherichia-Shigella,Escherichia-Shigella,0.9919337,>5a6b98126c1236a0da3edec371808ff7
ASV417,EscherichiaShigellaASV417S,3d2d1bfdef22c548522257f3f7694ad6,TTAATCGGAATTACTGGGCGTAAAGCGCACGCAGGCGGTTTGTTAAGTCAGATGTGAAATCCCCGGGCTCAACCTGGGAACTGCATCTGATACTGGCAAGCTTGAGTCTCGTAGAGGGGGGTAGAATTCCAGGTGTAGCGGTGAAATGCGTAGAGATCTGGAGGAATACCGGTGGCGAAGGCGGCCCCCTGGACGAAGACCGACGCTCAGGTGCGA,Proteobacteria,Gammaproteobacteria,Enterobacteriales,Enterobacteriaceae,Escherichia-Shigella,Escherichia-Shigella,0.9865605,>3d2d1bfdef22c548522257f3f7694ad6
ASV432,LactobacillusASV432S,7c1a52bc4a0cfb616def75cb195fdee0,TTGTCCGGATTTATTGGGCGTAAAGCGAGCGCAGGCGGAAAAATAAGTCTAATGTGAAAGCCCTCGGCTTAACCGAGGAACTGCATCGGAAACTGTTTTTCTTGAGTGCAGAAGAGGAGAGTGGAACTCCATGTGTAGCGGTGGAATGCGTAGATATATGGAAGAACACCAGTGGCGAAGGCGGATCTCTGGTCTGCAACTGACGCTGAGGCTCGA,Firmicutes,Bacilli,Lactobacillales,Lactobacillaceae,Lactobacillus,Lactobacillus,0.9999991,>7c1a52bc4a0cfb616def75cb195fdee0
ASV480,LactobacillusASV480S,b987f8e2ed4c2dd7ed915f96f332db1a,TTATCCGGATTTATTGGGCGTAAAGCGAGCGCAGGCGGTTACTTAAGTCTGATGTGAAAGCCTTCGGCTTAACCGAAGAAGTGAATCGGAAACTGGGTGACTTGAGTGCAGAAGAGGACAGTGGAACTCCATGTGTAGCGGTGGAATGCGTAGATATATGGAAGAACACCAGTGGCGAAGGCGGCTGTCTGGTCTGCAACTGACGCTGAGGCTCGA,Firmicutes,Bacilli,Lactobacillales,Lactobacillaceae,Lactobacillus,Lactobacillus pontis,0.9807339,>b987f8e2ed4c2dd7ed915f96f332db1a
ASV489,EscherichiaShigellaASV489S,95d3687c9191eeb03acd1d0ef5e14009,TTAATCGGAATTACTGGGCGTAAAGCGCACGCAGGCGGTTTGTTAAGTCAGATGTGAAATCCCCGGGCTCAACCTGGGAACTGCATCTGATACTGGCAAGCTTGAGTCTCGTAGAGGGGGGTAGAATTCCAGGTGTAGAGGTGAAATGCGTAGAGATCTGGAGGAATACCGGTGGCGAAGGCGGCCCCCTGGACGAAGACTGACGCTCAGGTGCGA,Proteobacteria,Gammaproteobacteria,Enterobacteriales,Enterobacteriaceae,Escherichia-Shigella,Escherichia-Shigella,0.987916,>95d3687c9191eeb03acd1d0ef5e14009
ASV49,Clostridiumsensustricto13ASV49S,666895909065dcb96e81107ce38ff5e8,TTGTCCGGATTTACTGGGCGTAAAGGGAGCGTAGGCGGATTTTTAAGTGGGATGTGAAATACCCGGGCTCAACCTGGGTGCTGCATTCCAAACTGGGAATCTAGAGTGCAGGAGGGGAGAGTGGAATTCCTAGTGTAGCGGTGAAATGCGTAGAGATTAGGAAGAACACCAGTGGCGAAGGCGACTCTCTGGACTGTAACTGACGCTGAGGCTCGA,Firmicutes,Clostridia,Clostridiales,Clostridiaceae 1,Clostridium sensu stricto 1,Clostridium sensu stricto 1,0.9969193,>666895909065dcb96e81107ce38ff5e8
ASV490,LactobacillusASV490S,5af1512b5ed9b9ecc693a00abf0cb479,TTGTCCGGATTTATTGGGCGTAAAGCGAGCGCAGGCGGAAAAATAAGTCTAATGTGAAAGCCCTCGGCTTAACCGAGGAACTGAATCGGAAACTGTTTTTCTTGAGTGCAGAAGAGGAGAGTGGAACTCCATGTGTAGCGGTGGAATGCGTAGATATATGGAAGAACACCAGTGGCGAAGGCGGCTCTCTGGTCTGCAACTGACGCTGAGGCTCGA,Firmicutes,Bacilli,Lactobacillales,Lactobacillaceae,Lactobacillus,Lactobacillus,0.9999986,>5af1512b5ed9b9ecc693a00abf0cb479
ASV496,Clostridiumsensustricto19ASV496S,92e6d15b5621374d2b57907febbf7919,TTGTCCGGATTTACTGGGCGTAAAGGGAGCGTAGGTGGATATTTAAGTGGGATGTGAAATACTCGGGCTTAACCTGGGTGCTGCATTCCAAACTGGATATCTAGAGTGCAGGAGAGGAAAGGAGAATTCCTAGTGTAGCGGTGAAATGCGTAGAGATTAGGAAGAATACCAGTGGCGAAGGCGCCTTTCTGGACTGTAACTGACACTGAGGCTCGA,Firmicutes,Clostridia,Clostridiales,Clostridiaceae 1,Clostridium sensu stricto 1,Clostridium butyricum,0.8582694,>92e6d15b5621374d2b57907febbf7919
ASV503,LactobacillusASV503S,b0437bba6773161d3c3394f16aa909db,TTATCCGGATTTATTGGGCGTAAAGCGAGCGCAGGCGGTTTGATAAGTCTGATGTGAAAGCCTTTGGCTTAACCAAAGAAGTTCATCGGAAACTGTCAGACTTGAGTGCAGAAGAGGATAGTGGAACTCCATGTGTAGCGGTGGAATGCGTAGATATATGGAAGAACACCAGTGGCGAAGGCGGCTGTCTGGTCTGCAACTGACGCTGAGGCTCGA,Firmicutes,Bacilli,Lactobacillales,Lactobacillaceae,Lactobacillus,Lactobacillus,0.9999969,>b0437bba6773161d3c3394f16aa909db
ASV511,LactobacillusASV511S,7c17bc72332a1d8c15bf78781993f9d0,TTGTCCGGATTTATTGGGCGTAAAGCGAGTGCAGGCGGTTCAATAAGTCTGATGTGAAAGCCTTCGGCTCAACCGGAGAATTGCATCAGAAACTGTTGAAATTGAGTGCAGAAGAGGAGAGTGGAACTCCATGTGTAGCGGTGGAATGCGTAGATATATGGAAGAACACCAGTGGCGAAGGCGGCTCTCTGGTCTGCAACTGACGCTGAGGCTCGA,Firmicutes,Bacilli,Lactobacillales,Lactobacillaceae,Lactobacillus,Lactobacillus,1,>7c17bc72332a1d8c15bf78781993f9d0
ASV518,LactobacillusASV518S,257be68f54b8cc9811159f1704bf477c,TTGTCCGGATTTATTGGGCGTAAAGCGAGCGCAGGCGGAAAGATAAGTCTGGAGTGAAAGCCCCCGGCTTAACCGAGGAACTGCTTCGGAAACTGTCCTTCTTGAGTGCAGAAGAGGAGAGTGGAACTCCATGTGTAGCGGTGGAATGCGTAGATATATGGAAGAACACCAGTGGCGAAGGCGGCTCTCTGGTCTGCAACTGACGCTGAGGCTCGA,Firmicutes,Bacilli,Lactobacillales,Lactobacillaceae,Lactobacillus,Lactobacillus,0.9999914,>257be68f54b8cc9811159f1704bf477c
ASV573,MycoplasmaASV573S,e795b51618cc8866da4dd41c85f2f10d,TTATCCGGAATTATTGGGCGTAAAGCGTCTGTAGGTTGTATGTTAAGTCTGGCGTGAAAACTTGGGGCTCAACCCCAAATTGCGTTGGATACTGGCATGCTAGAATTGTGTAGAGGTTAGCGGAATTCCTAGTGAAGCGGTGAAATGTGTAGATATTAGGAAGAACACCAATTTGGCGAAGGCAGCCAACTGGGCACATATTGACACTGAGAGACG,Tenericutes,Mollicutes,Mycoplasmatales,Mycoplasmataceae,Mycoplasma,Mycoplasma bovirhinis,0.9471286,>e795b51618cc8866da4dd41c85f2f10d
ASV58,LactobacillusASV58S,8fd13c505548b8f4333b07b377a0f22e,TTATCCGGATTTATTGGGCGTAAATCGAGCGCAGGCGGTTTGATAAGTCTGATGTGAAAGCCTTTGGCTTAACCAAAGAAGTGCATCGGAAACTGTCAGACTTGAGTGCAGAAGAGGACAGTGGAACTCCATGTGTAGCGGTGGAATGCGTAGATATATGGAAGAACACCAGTGGCGAAGGCGGCTGTCTAGCTTGCAACTGACGCTGAGGCTCGA,Firmicutes,Bacilli,Lactobacillales,Lactobacillaceae,Lactobacillus,Lactobacillus,0.9999972,>8fd13c505548b8f4333b07b377a0f22e
ASV632,EscherichiaShigellaASV632S,aee4b45d2b890325523dec0a64724269,TTAATCGGAATTACTGGGCGTAAAGCGCACGCAGGCGGTTTGTTAAGTCAGATGTGAAATCCCCGGGCTCAACCTGGGAACTGCATCTGATACTGGCAAGCTTGAGTCTCGTAGAGGGGGGTAGAATTCCAGGTGTAGCGGTGAAATGCGTAGAGATCTGGAGGAATACCGGTGGCGAAGGCGGCCACCTGGACGAAGACTGACGCTCAGGTGCGA,Proteobacteria,Gammaproteobacteria,Enterobacteriales,Enterobacteriaceae,Escherichia-Shigella,Escherichia-Shigella,0.9878136,>aee4b45d2b890325523dec0a64724269
ASV667,LactobacillusASV667S,2e1393f4306ce65796dccf5c48c361e3,TTATCCGGATTTATTGGGCGTAAAGCGAGCGCAGGCGGTTGCTTAGGTCTGATGTGAAAGCCTTCGGCTTAACCGAAGAAGTGCATCGGAAACCGGGCAACTTGAGTGCAGAAGAGGACAGTGGAACTCCATGTGTAGCGGTGGAATGCGTAGATATATGGAAGAACACCAGTGGCGAAGGCGGCTGTCTGGTCTGCGACTGACGCTGAGGCTCGA,Firmicutes,Bacilli,Lactobacillales,Lactobacillaceae,Lactobacillus,Lactobacillus,0.9999829,>2e1393f4306ce65796dccf5c48c361e3
ASV683,LactobacillusASV683S,4f8a9f80c54fe7733ed6adbf71bbc3a7,TTGTCCGGATTTATTGGGCGTAAAGCGAGTGCAGGCGGTTCAATAAGTCTGATGTGAAAGCCTTCGGCTCAACCGGAGAATTGCATCAGAAACTGTTGAACTTGAGTGCAGAAGAGGAGAGTGGAACTCCATGTGTAGCGGTGGAATGCGTAGATATATGGAAGAACACCAGTGGCGACGGCGGCTCTCTGGTCTGCAACTGACGCTGAGGCTCGA,Firmicutes,Bacilli,Lactobacillales,Lactobacillaceae,Lactobacillus,Lactobacillus,1,>4f8a9f80c54fe7733ed6adbf71bbc3a7
ASV725,Clostridiumsensustricto20ASV725S,a162f455d277db95f76186ddc409a426,TTGTCCGGATTTACTGGGCGTAAAGGGAGCGTAGGCGGATTTTTAAGTGAGATGTGAAATACTCGGGCTTAACCTGAGTGCTGCATTTCAAACTGGAAGTCTAGAGTGCAGGAGAGGAGAAGGGAATTCCTAGTGTAGCGGTGAAATGCGTAGAGATTAGGAAGAACACCAGTGGCGAAGGCGCTTCTCTGGACTGTAACTGACGCTGAGGCTCGA,Firmicutes,Clostridia,Clostridiales,Clostridiaceae 1,Clostridium sensu stricto 1,Clostridium sensu stricto 1,0.9998447,>a162f455d277db95f76186ddc409a426
ASV751,LactobacillusASV751S,8fd3bdb397e6cabe0530f1e917747cb9,TTGTCCGGATTTATTGGGCGTAAAGCGAGCGCAGGCGGAAGAATAAGTCTGATGTGAAAGCCCTCGGCTTAACCGAGGAACTGCATCGGAAACTGTTTTTCTTGAGTGCAGAAGAGGAGAGTGGAACTCCATGTGTAGCGGTGGAATGCGTAGATATATGGAAGAACACCAGTGGCGAAGGCGGCTCTCTGGTCTGCAACTGACGCTGAGGCTCGA,Firmicutes,Bacilli,Lactobacillales,Lactobacillaceae,Lactobacillus,Lactobacillus,0.9999999,>8fd3bdb397e6cabe0530f1e917747cb9
ASV793,PasteurellaASV793S,23e77653e5e170e6280743f0cae806c4,TTAATCGGAATAACTGGGCGTAAAGGGCACGCAGGCGGACTTTTAAGTGAGATGTGAAATCCCCGAGCTTAACTTGGGAACTGCATTTCAGACTGGGAGTCTAGAGTACTTTAGGGAGGGGTAGAATTCCACGTGTAGCGGTGAAATGCGTAGAGATGTGGAGGAATACCGAAGGCGAAGGCAGCCCCTTGGGAATGTACTGACGCTCATGTGCGA,Proteobacteria,Gammaproteobacteria,Pasteurellales,Pasteurellaceae,Pasteurella,Pasteurella multocida,0.7362659,>23e77653e5e170e6280743f0cae806c4
ASV804,Clostridiumsensustricto23ASV804S,bd55339d6f38fb3c56ae1d6d8c5badc3,TTATCCGGATTTACTGGGCGTAAAGGGAGCGTAGGCGGATAATTAAGTGGGATGTGAAATACCCGGGCTCAACTTGGGTGCTGCATTCCAAACTGGTTATCTAGAGTGCAGGAGAGGAGAGTGGAATTCCTAGTGTAGCGGTGAAATGCGTAGAGATTAGGAAGAACACCAGTGGCGAAGGCGACTCTCTGGACTGTAACTGACGCTGAGGCTCGA,Firmicutes,Clostridia,Clostridiales,Clostridiaceae 1,Clostridium sensu stricto 1,Clostridium sensu stricto 1,0.8938424,>bd55339d6f38fb3c56ae1d6d8c5badc3
ASV810,LactobacillusASV810S,f664e26f149ad94f832825101720297f,TTGTCCGGATTTATTGGGCGTAAAGCGAGCGCAGGCGGAAAGATAAGTCTGAAGTGAAAGCCCCCTGCTTAACCGGGGAACTGCTTCGGAAACTGTCCTTCTTGAGTGCAGAAGAGGAGAGTGGAACTCCATGTGTAGCGGTGGAATGCGTAGATATATGGAAGAACACCAGTGGCGAAGGCGGCTCTCTGGTCTGCAACTGACGCTGAGGCTCGA,Firmicutes,Bacilli,Lactobacillales,Lactobacillaceae,Lactobacillus,Lactobacillus,0.9999981,>f664e26f149ad94f832825101720297f
ASV812,LactobacillusASV812S,e1f231185deb4051acb8ab830a39a6bb,TTATCCGGATTTATTGGGCGTAAAGCGAGCGCAGGCGGTTTGATAAGTCTGATGTGAAAGCCTTTGGCTTAACCAAAGAAGTGCATCGGAAACTGTCAGACTTGAGTGCAGAAGAGGACAGTGGAACTCCATGTGTAGCGGTGGAATGCGTAGATATATGGAAGAACACCAGTGGCGAAGGCGGCTGTCTGGTATGCAACTGACGCTGAGGCTCGA,Firmicutes,Bacilli,Lactobacillales,Lactobacillaceae,Lactobacillus,Lactobacillus mucosae,0.7490339,>e1f231185deb4051acb8ab830a39a6bb
ASV848,LactobacillusASV848S,d62e5a96e636cc7944c65b54410fdaa0,TTATCCGGATTTATTGGGCGTAAAGCGAGCGCAGGCGGTTGCTTAGGTCTGATGTGAAAGCCTTCGGCTTAACCGAAGAAGGGCATCGGAAACTGGATGACTTGAGTGCAGAAGAGGGCAGTGGAACTCCATGTGTAGCGGTGGAATGCGTAGATATATGGAAGAACACCAGTGGCGAAGGCGGCTGCCTAGTCTGCAACTGACGCTGAGGCTCGA,Firmicutes,Bacilli,Lactobacillales,Lactobacillaceae,Lactobacillus,Lactobacillus sp. oral taxon 052,0.9542359,>d62e5a96e636cc7944c65b54410fdaa0
ASV852,LactobacillusASV852S,51d8dfab5a78d3d9013d89e5721e7b25,TTGTCCGGATTTATTGGGCGTAAAGGGAACGCAGGCGGTCTTTTAAGTCTGATGTGAAAGCCTTCGGCTTAACCGGAGTAGTGCATTGGAAACTGGGAGACTTGAGTGCAGAAGAGGAGAGTGGAACTCCATGTGTAGCGGTGGAATGCGTAGATATATGGAAGAACACCAGTGGCGAAGGCGGCTGTCTGGTCTGCAACTGACGCTGAGGCTCGA,Firmicutes,Bacilli,Lactobacillales,Lactobacillaceae,Lactobacillus,uncultured bacterium,0.7247683,>51d8dfab5a78d3d9013d89e5721e7b25
ASV876,LactobacillusASV876S,8ed7873fa6a8242bc84d7841b7fabfb1,TTGTCCGGATTTATTGGGCGTAAAGCGAGCGCAGGCGGAAAAATAAGTCTAATGTGAAAGCCCTCGGCTTAACCGAGGAACTGCATCGGAAACTGTTTTTCTTGAGTGCAGAAGAGGAGAGTGGAACTCCATGTGTAGCGGTGGAATGTGTAGATATATGGAAGAACACCAGTGGCGAAGGCGGCTCTCTGGTCTGCAACTGACGCTGAGGCTCGA,Firmicutes,Bacilli,Lactobacillales,Lactobacillaceae,Lactobacillus,Lactobacillus,0.9999989,>8ed7873fa6a8242bc84d7841b7fabfb1
ASV882,LactobacillusASV882S,944d423c4a7cac57535a3339af2c8140,TTGTCCGGATTTATTGTGCGTAAAGCGAGCGCAGGCGGAAAAATAAGTCTAATGTGAAAGCCCTCGGCTTAACCGAGGAACTGCATCGGAAACTGTTTTTCTTGAGTGCAGAAGAGGAGAGTGGAACTCCATGTGTAGCGGTGGAATGCGTAGATATATGGAAGAACACCAGTGGCGAAGGCGGCTCTCTGGTCTGCAACTGACGCTGAGGCTCGA,Firmicutes,Bacilli,Lactobacillales,Lactobacillaceae,Lactobacillus,Lactobacillus,0.9999991,>944d423c4a7cac57535a3339af2c8140
ASV888,MycoplasmaASV888S,e3d1aed520cdeb762d832a38b34113c9,TTATCCGGAATTATTGGGCGTAAAGCGTCCGTAGGTGTTTTGTTAAGTTTAAGGTTAAATACTGAAGCTCAACTTCAGCCCGCTTTAGATACTGGCAAAATAGAATTATGAAGAGGTTAGCGGAATTCCTAGTGGAGCGGTGGAATGCGTAGATATTAGGAAGAACACCAATAGGCGAAGGCAGCTAACTGGTCATAAATTGACACTAAGGGACGA,Tenericutes,Mollicutes,Mycoplasmatales,Mycoplasmataceae,Mycoplasma,Mycoplasma bovoculi M165/69,0.996866,>e3d1aed520cdeb762d832a38b34113c9
ASV891,LactobacillusASV891S,e3f18a4af180a3f5fa39ff82ee4a6dfd,TTGTCCGGATTTATTGGGCGTAAAGGGAATGCAGGCGGTCTTTTAAGTCTGATGTGAAAGCCTTCGGCTTAACCGGAGTAGTGCATTGGAAACTGGAAGACTTGAGTGCAGAAGAGGAGAGTGGAACTCCATGTGTAGCGGTGAAATGCGTAGATATATGGAAGAACACCAGTGGCGAAAGCGGCTCTCTGGTCTGTAACTGACGCTGAGGTTCGA,Firmicutes,Bacilli,Lactobacillales,Lactobacillaceae,Lactobacillus,Lactobacillus,0.9999989,>e3f18a4af180a3f5fa39ff82ee4a6dfd
ASV903,Clostridiumsensustricto22ASV903S,b479cd0497ab475d05b654ed3e24cdba,TTGTCCGGATTTACTGGGCGTAAAGGGAGCGTAGGTGGATATTTAAGTGGGATGTGAAATACTCGGGCTTAACCTGGGTGCTGCATTCCAAACTGGATATCTAGAGTGCAGGAGAGGAAAGTAGAATTCCTAGTGTAGCGGTGAAATGCGTAGAGATTAGGAAGAATACCAGTGGCGAAGGCGACTTTCTGGTCTGTAACTGACACTGAGGCGCGA,Firmicutes,Clostridia,Clostridiales,Clostridiaceae 1,Clostridium sensu stricto 1,Clostridium sensu stricto 1,0.9998924,>b479cd0497ab475d05b654ed3e24cdba
ASV911,LactobacillusASV911S,344ed269404f2fc3b56700e5d7ef3759,TTATCCGGATTTATTGGGCGTAAAGCGAGCGCAGGCGGTTTGATAAGTCTGATGTGAAAGCCTTTGGCTTAACCAAAGAAGTGCATCGGAAACTGTCAGACTTGAGTGCAGAAGAGGACAGTGGAACTCCATGTGTAGCGGTGGAATGCGTAGATATATGGAAGAACACCAGTGGCGAAGGCGGCTGTCTGGTCTGCAACTGACGCTGAGGCTCGA,Firmicutes,Bacilli,Lactobacillales,Lactobacillaceae,Lactobacillus,Lactobacillus mucosae,0.8538727,>344ed269404f2fc3b56700e5d7ef3759
ASV927,LactobacillusASV927S,a794bf6c03120cdc3fa6d63131714c38,TTATCCGGATTTATTGGGCGTAAAGCGAGCGCAGGCGGTTACTTAAGTCTGATGTGAAAGCCTTCGGCTTAACCGAAGAAGTGCATCGGAAACTGGGTGACTTGAGTGCAGAAGAGGACAGTGGAACTCCATGTGTAGCGGTGGAACGCGTAGATATATGGAAGAACACCAGTGGCGAAGGCGGCTGTCTGGTCTGCAACTGACGCTGAGGCTCGA,Firmicutes,Bacilli,Lactobacillales,Lactobacillaceae,Lactobacillus,Lactobacillus pontis,0.9788629,>a794bf6c03120cdc3fa6d63131714c38
ASV931,LactobacillusASV931S,b99cd982283d15e0b58f220541afbd27,TTGTCCGGATTTATTGGGCGTAAAGCGAGTGCAGGCGGTTCAATAAGTCTGATGTGAAAGCCTTCGGCTCAACCGGAGAATTGCATCAGAAACTGTTGAACTTGAGTGCGGAAGAGGAGAGTGGAACTCCATGTGTAGCGGTGGAATGCGTAGATATATGGAAGAACACCAGTGGCGAAGGCGGCTCTCTGGTCTGCAACTGACGCTGAGGCTCGA,Firmicutes,Bacilli,Lactobacillales,Lactobacillaceae,Lactobacillus,Lactobacillus,1,>b99cd982283d15e0b58f220541afbd27