Specie,ID,calf,d,RA,effect,term,estimate,std.error,statistic,p.value,p.adj,sig,ASVstring,col1,col2,col3,col4,col5,species
ASV51,d7_12,12,7,0.004124926,fixed,d,0.216557042,0.047133,4.59459491,4.34E-06,4.34E-06,P-Value < 0.05,Actinobacteria;Actinobacteria;Actinomycetales;Actinomycetaceae;Actinomyces;Actinomyces sp. Chiba101,Actinobacteria,Actinobacteria,Actinomycetales,Actinomycetaceae,Actinomyces,Actinomyces sp. Chiba101
ASV51,d0_14,14,0,0.000682594,fixed,d,0.216557042,0.047133,4.59459491,4.34E-06,4.34E-06,P-Value < 0.05,Actinobacteria;Actinobacteria;Actinomycetales;Actinomycetaceae;Actinomyces;Actinomyces sp. Chiba101,Actinobacteria,Actinobacteria,Actinomycetales,Actinomycetaceae,Actinomyces,Actinomyces sp. Chiba101
ASV51,d7_25,25,7,0.00441989,fixed,d,0.216557042,0.047133,4.59459491,4.34E-06,4.34E-06,P-Value < 0.05,Actinobacteria;Actinobacteria;Actinomycetales;Actinomycetaceae;Actinomyces;Actinomyces sp. Chiba101,Actinobacteria,Actinobacteria,Actinomycetales,Actinomycetaceae,Actinomyces,Actinomyces sp. Chiba101
ASV51,d7_26,26,7,0.01490889,fixed,d,0.216557042,0.047133,4.59459491,4.34E-06,4.34E-06,P-Value < 0.05,Actinobacteria;Actinobacteria;Actinomycetales;Actinomycetaceae;Actinomyces;Actinomyces sp. Chiba101,Actinobacteria,Actinobacteria,Actinomycetales,Actinomycetaceae,Actinomyces,Actinomyces sp. Chiba101
ASV51,d14_26,26,14,0.032777116,fixed,d,0.216557042,0.047133,4.59459491,4.34E-06,4.34E-06,P-Value < 0.05,Actinobacteria;Actinobacteria;Actinomycetales;Actinomycetaceae;Actinomyces;Actinomyces sp. Chiba101,Actinobacteria,Actinobacteria,Actinomycetales,Actinomycetaceae,Actinomyces,Actinomyces sp. Chiba101
ASV1023,d7_26,26,7,0.325786858,fixed,d,-0.643084722,0.088066,-7.302304209,2.83E-13,5.66E-13,P-Value < 0.05,Firmicutes;Negativicutes;Selenomonadales;Veillonellaceae;Veillonella;bacterium RA2114,Firmicutes,Negativicutes,Selenomonadales,Veillonellaceae,Veillonella,Veillonella*
ASV1023,d14_26,26,14,0.004171633,fixed,d,-0.643084722,0.088066,-7.302304209,2.83E-13,5.66E-13,P-Value < 0.05,Firmicutes;Negativicutes;Selenomonadales;Veillonellaceae;Veillonella;bacterium RA2114,Firmicutes,Negativicutes,Selenomonadales,Veillonellaceae,Veillonella,Veillonella*
ASV240,d7_16,16,7,0.100578035,fixed,d,-0.505734511,0.10557,-4.790513506,1.66E-06,3.33E-06,P-Value < 0.05,Bacteroidetes;Bacteroidia;Bacteroidales;Barnesiellaceae;Barnesiella;Barnesiella,Bacteroidetes,Bacteroidia,Bacteroidales,Barnesiellaceae,Barnesiella,Barnesiella*
ASV240,d14_17,17,14,0.002142475,fixed,d,-0.505734511,0.10557,-4.790513506,1.66E-06,3.33E-06,P-Value < 0.05,Bacteroidetes;Bacteroidia;Bacteroidales;Barnesiellaceae;Barnesiella;Barnesiella,Bacteroidetes,Bacteroidia,Bacteroidales,Barnesiellaceae,Barnesiella,Barnesiella*
ASV61,d0_2,2,0,0.013245033,fixed,d,-0.068470506,0.023821,-2.874375806,0.004048269,0.004048269,P-Value < 0.05,Actinobacteria;Actinobacteria;Bifidobacteriales;Bifidobacteriaceae;Bifidobacterium;Bifidobacterium,Actinobacteria,Actinobacteria,Bifidobacteriales,Bifidobacteriaceae,Bifidobacterium,Bifidobacterium*
ASV61,d7_2,2,7,0.00375134,fixed,d,-0.068470506,0.023821,-2.874375806,0.004048269,0.004048269,P-Value < 0.05,Actinobacteria;Actinobacteria;Bifidobacteriales;Bifidobacteriaceae;Bifidobacterium;Bifidobacterium,Actinobacteria,Actinobacteria,Bifidobacteriales,Bifidobacteriaceae,Bifidobacterium,Bifidobacterium*
ASV61,d14_2,2,14,0.043925234,fixed,d,-0.068470506,0.023821,-2.874375806,0.004048269,0.004048269,P-Value < 0.05,Actinobacteria;Actinobacteria;Bifidobacteriales;Bifidobacteriaceae;Bifidobacterium;Bifidobacterium,Actinobacteria,Actinobacteria,Bifidobacteriales,Bifidobacteriaceae,Bifidobacterium,Bifidobacterium*
ASV61,d0_3,3,0,0.107520891,fixed,d,-0.068470506,0.023821,-2.874375806,0.004048269,0.004048269,P-Value < 0.05,Actinobacteria;Actinobacteria;Bifidobacteriales;Bifidobacteriaceae;Bifidobacterium;Bifidobacterium,Actinobacteria,Actinobacteria,Bifidobacteriales,Bifidobacteriaceae,Bifidobacterium,Bifidobacterium*
ASV61,d7_3,3,7,0.003562945,fixed,d,-0.068470506,0.023821,-2.874375806,0.004048269,0.004048269,P-Value < 0.05,Actinobacteria;Actinobacteria;Bifidobacteriales;Bifidobacteriaceae;Bifidobacterium;Bifidobacterium,Actinobacteria,Actinobacteria,Bifidobacteriales,Bifidobacteriaceae,Bifidobacterium,Bifidobacterium*
ASV61,d0_4,4,0,0.069022639,fixed,d,-0.068470506,0.023821,-2.874375806,0.004048269,0.004048269,P-Value < 0.05,Actinobacteria;Actinobacteria;Bifidobacteriales;Bifidobacteriaceae;Bifidobacterium;Bifidobacterium,Actinobacteria,Actinobacteria,Bifidobacteriales,Bifidobacteriaceae,Bifidobacterium,Bifidobacterium*
ASV61,d7_4,4,7,0.003811944,fixed,d,-0.068470506,0.023821,-2.874375806,0.004048269,0.004048269,P-Value < 0.05,Actinobacteria;Actinobacteria;Bifidobacteriales;Bifidobacteriaceae;Bifidobacterium;Bifidobacterium,Actinobacteria,Actinobacteria,Bifidobacteriales,Bifidobacteriaceae,Bifidobacterium,Bifidobacterium*
ASV61,d14_4,4,14,0.001318392,fixed,d,-0.068470506,0.023821,-2.874375806,0.004048269,0.004048269,P-Value < 0.05,Actinobacteria;Actinobacteria;Bifidobacteriales;Bifidobacteriaceae;Bifidobacterium;Bifidobacterium,Actinobacteria,Actinobacteria,Bifidobacteriales,Bifidobacteriaceae,Bifidobacterium,Bifidobacterium*
ASV61,d0_5,5,0,0.07520436,fixed,d,-0.068470506,0.023821,-2.874375806,0.004048269,0.004048269,P-Value < 0.05,Actinobacteria;Actinobacteria;Bifidobacteriales;Bifidobacteriaceae;Bifidobacterium;Bifidobacterium,Actinobacteria,Actinobacteria,Bifidobacteriales,Bifidobacteriaceae,Bifidobacterium,Bifidobacterium*
ASV61,d7_5,5,7,0.005800464,fixed,d,-0.068470506,0.023821,-2.874375806,0.004048269,0.004048269,P-Value < 0.05,Actinobacteria;Actinobacteria;Bifidobacteriales;Bifidobacteriaceae;Bifidobacterium;Bifidobacterium,Actinobacteria,Actinobacteria,Bifidobacteriales,Bifidobacteriaceae,Bifidobacterium,Bifidobacterium*
ASV61,d0_6,6,0,0.004912664,fixed,d,-0.068470506,0.023821,-2.874375806,0.004048269,0.004048269,P-Value < 0.05,Actinobacteria;Actinobacteria;Bifidobacteriales;Bifidobacteriaceae;Bifidobacterium;Bifidobacterium,Actinobacteria,Actinobacteria,Bifidobacteriales,Bifidobacteriaceae,Bifidobacterium,Bifidobacterium*
ASV61,d7_6,6,7,0.018802228,fixed,d,-0.068470506,0.023821,-2.874375806,0.004048269,0.004048269,P-Value < 0.05,Actinobacteria;Actinobacteria;Bifidobacteriales;Bifidobacteriaceae;Bifidobacterium;Bifidobacterium,Actinobacteria,Actinobacteria,Bifidobacteriales,Bifidobacteriaceae,Bifidobacterium,Bifidobacterium*
ASV61,d14_6,6,14,0.012784091,fixed,d,-0.068470506,0.023821,-2.874375806,0.004048269,0.004048269,P-Value < 0.05,Actinobacteria;Actinobacteria;Bifidobacteriales;Bifidobacteriaceae;Bifidobacterium;Bifidobacterium,Actinobacteria,Actinobacteria,Bifidobacteriales,Bifidobacteriaceae,Bifidobacterium,Bifidobacterium*
ASV61,d0_7,7,0,0.016949153,fixed,d,-0.068470506,0.023821,-2.874375806,0.004048269,0.004048269,P-Value < 0.05,Actinobacteria;Actinobacteria;Bifidobacteriales;Bifidobacteriaceae;Bifidobacterium;Bifidobacterium,Actinobacteria,Actinobacteria,Bifidobacteriales,Bifidobacteriaceae,Bifidobacterium,Bifidobacterium*
ASV61,d0_8,8,0,0.035714286,fixed,d,-0.068470506,0.023821,-2.874375806,0.004048269,0.004048269,P-Value < 0.05,Actinobacteria;Actinobacteria;Bifidobacteriales;Bifidobacteriaceae;Bifidobacterium;Bifidobacterium,Actinobacteria,Actinobacteria,Bifidobacteriales,Bifidobacteriaceae,Bifidobacterium,Bifidobacterium*
ASV61,d7_8,8,7,0.008077544,fixed,d,-0.068470506,0.023821,-2.874375806,0.004048269,0.004048269,P-Value < 0.05,Actinobacteria;Actinobacteria;Bifidobacteriales;Bifidobacteriaceae;Bifidobacterium;Bifidobacterium,Actinobacteria,Actinobacteria,Bifidobacteriales,Bifidobacteriaceae,Bifidobacterium,Bifidobacterium*
ASV61,d14_8,8,14,0.004060325,fixed,d,-0.068470506,0.023821,-2.874375806,0.004048269,0.004048269,P-Value < 0.05,Actinobacteria;Actinobacteria;Bifidobacteriales;Bifidobacteriaceae;Bifidobacterium;Bifidobacterium,Actinobacteria,Actinobacteria,Bifidobacteriales,Bifidobacteriaceae,Bifidobacterium,Bifidobacterium*
ASV61,d7_10,10,7,0.007830854,fixed,d,-0.068470506,0.023821,-2.874375806,0.004048269,0.004048269,P-Value < 0.05,Actinobacteria;Actinobacteria;Bifidobacteriales;Bifidobacteriaceae;Bifidobacterium;Bifidobacterium,Actinobacteria,Actinobacteria,Bifidobacteriales,Bifidobacteriaceae,Bifidobacterium,Bifidobacterium*
ASV61,d14_10,10,14,0.000530504,fixed,d,-0.068470506,0.023821,-2.874375806,0.004048269,0.004048269,P-Value < 0.05,Actinobacteria;Actinobacteria;Bifidobacteriales;Bifidobacteriaceae;Bifidobacterium;Bifidobacterium,Actinobacteria,Actinobacteria,Bifidobacteriales,Bifidobacteriaceae,Bifidobacterium,Bifidobacterium*
ASV61,d0_11,11,0,0.04864532,fixed,d,-0.068470506,0.023821,-2.874375806,0.004048269,0.004048269,P-Value < 0.05,Actinobacteria;Actinobacteria;Bifidobacteriales;Bifidobacteriaceae;Bifidobacterium;Bifidobacterium,Actinobacteria,Actinobacteria,Bifidobacteriales,Bifidobacteriaceae,Bifidobacterium,Bifidobacterium*
ASV61,d7_11,11,7,0.089622642,fixed,d,-0.068470506,0.023821,-2.874375806,0.004048269,0.004048269,P-Value < 0.05,Actinobacteria;Actinobacteria;Bifidobacteriales;Bifidobacteriaceae;Bifidobacterium;Bifidobacterium,Actinobacteria,Actinobacteria,Bifidobacteriales,Bifidobacteriaceae,Bifidobacterium,Bifidobacterium*
ASV61,d14_11,11,14,0.039322034,fixed,d,-0.068470506,0.023821,-2.874375806,0.004048269,0.004048269,P-Value < 0.05,Actinobacteria;Actinobacteria;Bifidobacteriales;Bifidobacteriaceae;Bifidobacterium;Bifidobacterium,Actinobacteria,Actinobacteria,Bifidobacteriales,Bifidobacteriaceae,Bifidobacterium,Bifidobacterium*
ASV61,d0_12,12,0,0.011482255,fixed,d,-0.068470506,0.023821,-2.874375806,0.004048269,0.004048269,P-Value < 0.05,Actinobacteria;Actinobacteria;Bifidobacteriales;Bifidobacteriaceae;Bifidobacterium;Bifidobacterium,Actinobacteria,Actinobacteria,Bifidobacteriales,Bifidobacteriaceae,Bifidobacterium,Bifidobacterium*
ASV61,d7_12,12,7,0.034177961,fixed,d,-0.068470506,0.023821,-2.874375806,0.004048269,0.004048269,P-Value < 0.05,Actinobacteria;Actinobacteria;Bifidobacteriales;Bifidobacteriaceae;Bifidobacterium;Bifidobacterium,Actinobacteria,Actinobacteria,Bifidobacteriales,Bifidobacteriaceae,Bifidobacterium,Bifidobacterium*
ASV61,d0_13,13,0,0.005385996,fixed,d,-0.068470506,0.023821,-2.874375806,0.004048269,0.004048269,P-Value < 0.05,Actinobacteria;Actinobacteria;Bifidobacteriales;Bifidobacteriaceae;Bifidobacterium;Bifidobacterium,Actinobacteria,Actinobacteria,Bifidobacteriales,Bifidobacteriaceae,Bifidobacterium,Bifidobacterium*
ASV61,d7_13,13,7,0.014909478,fixed,d,-0.068470506,0.023821,-2.874375806,0.004048269,0.004048269,P-Value < 0.05,Actinobacteria;Actinobacteria;Bifidobacteriales;Bifidobacteriaceae;Bifidobacterium;Bifidobacterium,Actinobacteria,Actinobacteria,Bifidobacteriales,Bifidobacteriaceae,Bifidobacterium,Bifidobacterium*
ASV61,d0_14,14,0,0.012969283,fixed,d,-0.068470506,0.023821,-2.874375806,0.004048269,0.004048269,P-Value < 0.05,Actinobacteria;Actinobacteria;Bifidobacteriales;Bifidobacteriaceae;Bifidobacterium;Bifidobacterium,Actinobacteria,Actinobacteria,Bifidobacteriales,Bifidobacteriaceae,Bifidobacterium,Bifidobacterium*
ASV61,d14_16,16,14,0.011098779,fixed,d,-0.068470506,0.023821,-2.874375806,0.004048269,0.004048269,P-Value < 0.05,Actinobacteria;Actinobacteria;Bifidobacteriales;Bifidobacteriaceae;Bifidobacterium;Bifidobacterium,Actinobacteria,Actinobacteria,Bifidobacteriales,Bifidobacteriaceae,Bifidobacterium,Bifidobacterium*
ASV61,d7_17,17,7,0.023719677,fixed,d,-0.068470506,0.023821,-2.874375806,0.004048269,0.004048269,P-Value < 0.05,Actinobacteria;Actinobacteria;Bifidobacteriales;Bifidobacteriaceae;Bifidobacterium;Bifidobacterium,Actinobacteria,Actinobacteria,Bifidobacteriales,Bifidobacteriaceae,Bifidobacterium,Bifidobacterium*
ASV61,d14_17,17,14,0.002142475,fixed,d,-0.068470506,0.023821,-2.874375806,0.004048269,0.004048269,P-Value < 0.05,Actinobacteria;Actinobacteria;Bifidobacteriales;Bifidobacteriaceae;Bifidobacterium;Bifidobacterium,Actinobacteria,Actinobacteria,Bifidobacteriales,Bifidobacteriaceae,Bifidobacterium,Bifidobacterium*
ASV61,d0_20,20,0,0.079173838,fixed,d,-0.068470506,0.023821,-2.874375806,0.004048269,0.004048269,P-Value < 0.05,Actinobacteria;Actinobacteria;Bifidobacteriales;Bifidobacteriaceae;Bifidobacterium;Bifidobacterium,Actinobacteria,Actinobacteria,Bifidobacteriales,Bifidobacteriaceae,Bifidobacterium,Bifidobacterium*
ASV61,d7_20,20,7,0.017497349,fixed,d,-0.068470506,0.023821,-2.874375806,0.004048269,0.004048269,P-Value < 0.05,Actinobacteria;Actinobacteria;Bifidobacteriales;Bifidobacteriaceae;Bifidobacterium;Bifidobacterium,Actinobacteria,Actinobacteria,Bifidobacteriales,Bifidobacteriaceae,Bifidobacterium,Bifidobacterium*
ASV61,d0_22,22,0,0.02745098,fixed,d,-0.068470506,0.023821,-2.874375806,0.004048269,0.004048269,P-Value < 0.05,Actinobacteria;Actinobacteria;Bifidobacteriales;Bifidobacteriaceae;Bifidobacterium;Bifidobacterium,Actinobacteria,Actinobacteria,Bifidobacteriales,Bifidobacteriaceae,Bifidobacterium,Bifidobacterium*
ASV61,d7_22,22,7,0.001077586,fixed,d,-0.068470506,0.023821,-2.874375806,0.004048269,0.004048269,P-Value < 0.05,Actinobacteria;Actinobacteria;Bifidobacteriales;Bifidobacteriaceae;Bifidobacterium;Bifidobacterium,Actinobacteria,Actinobacteria,Bifidobacteriales,Bifidobacteriaceae,Bifidobacterium,Bifidobacterium*
ASV61,d7_24,24,7,0.02678028,fixed,d,-0.068470506,0.023821,-2.874375806,0.004048269,0.004048269,P-Value < 0.05,Actinobacteria;Actinobacteria;Bifidobacteriales;Bifidobacteriaceae;Bifidobacterium;Bifidobacterium,Actinobacteria,Actinobacteria,Bifidobacteriales,Bifidobacteriaceae,Bifidobacterium,Bifidobacterium*
ASV61,d14_24,24,14,0.009681881,fixed,d,-0.068470506,0.023821,-2.874375806,0.004048269,0.004048269,P-Value < 0.05,Actinobacteria;Actinobacteria;Bifidobacteriales;Bifidobacteriaceae;Bifidobacterium;Bifidobacterium,Actinobacteria,Actinobacteria,Bifidobacteriales,Bifidobacteriaceae,Bifidobacterium,Bifidobacterium*
ASV61,d7_25,25,7,0.010497238,fixed,d,-0.068470506,0.023821,-2.874375806,0.004048269,0.004048269,P-Value < 0.05,Actinobacteria;Actinobacteria;Bifidobacteriales;Bifidobacteriaceae;Bifidobacterium;Bifidobacterium,Actinobacteria,Actinobacteria,Bifidobacteriales,Bifidobacteriaceae,Bifidobacterium,Bifidobacterium*
ASV61,d14_25,25,14,0.005353319,fixed,d,-0.068470506,0.023821,-2.874375806,0.004048269,0.004048269,P-Value < 0.05,Actinobacteria;Actinobacteria;Bifidobacteriales;Bifidobacteriaceae;Bifidobacterium;Bifidobacterium,Actinobacteria,Actinobacteria,Bifidobacteriales,Bifidobacteriaceae,Bifidobacterium,Bifidobacterium*
ASV61,d7_26,26,7,0.008834898,fixed,d,-0.068470506,0.023821,-2.874375806,0.004048269,0.004048269,P-Value < 0.05,Actinobacteria;Actinobacteria;Bifidobacteriales;Bifidobacteriaceae;Bifidobacterium;Bifidobacterium,Actinobacteria,Actinobacteria,Bifidobacteriales,Bifidobacteriaceae,Bifidobacterium,Bifidobacterium*
ASV61,d14_26,26,14,0.004171633,fixed,d,-0.068470506,0.023821,-2.874375806,0.004048269,0.004048269,P-Value < 0.05,Actinobacteria;Actinobacteria;Bifidobacteriales;Bifidobacteriaceae;Bifidobacterium;Bifidobacterium,Actinobacteria,Actinobacteria,Bifidobacteriales,Bifidobacteriaceae,Bifidobacterium,Bifidobacterium*
ASV61,d7_27,27,7,0.019188596,fixed,d,-0.068470506,0.023821,-2.874375806,0.004048269,0.004048269,P-Value < 0.05,Actinobacteria;Actinobacteria;Bifidobacteriales;Bifidobacteriaceae;Bifidobacterium;Bifidobacterium,Actinobacteria,Actinobacteria,Bifidobacteriales,Bifidobacteriaceae,Bifidobacterium,Bifidobacterium*
ASV1311,d0_2,2,0,0.003612282,fixed,d,0.162748878,0.033509,4.856870618,1.19E-06,1.19E-06,P-Value < 0.05,Proteobacteria;Gammaproteobacteria;Betaproteobacteriales;Neisseriaceae;Neisseria;Neisseria meningitidis,Proteobacteria,Gammaproteobacteria,Betaproteobacteriales,Neisseriaceae,Neisseria,Neisseria meningitidis
ASV1311,d0_4,4,0,0.003865268,fixed,d,0.162748878,0.033509,4.856870618,1.19E-06,1.19E-06,P-Value < 0.05,Proteobacteria;Gammaproteobacteria;Betaproteobacteriales;Neisseriaceae;Neisseria;Neisseria meningitidis,Proteobacteria,Gammaproteobacteria,Betaproteobacteriales,Neisseriaceae,Neisseria,Neisseria meningitidis
ASV1311,d14_5,5,14,0.041925466,fixed,d,0.162748878,0.033509,4.856870618,1.19E-06,1.19E-06,P-Value < 0.05,Proteobacteria;Gammaproteobacteria;Betaproteobacteriales;Neisseriaceae;Neisseria;Neisseria meningitidis,Proteobacteria,Gammaproteobacteria,Betaproteobacteriales,Neisseriaceae,Neisseria,Neisseria meningitidis
ASV1311,d0_6,6,0,0.002729258,fixed,d,0.162748878,0.033509,4.856870618,1.19E-06,1.19E-06,P-Value < 0.05,Proteobacteria;Gammaproteobacteria;Betaproteobacteriales;Neisseriaceae;Neisseria;Neisseria meningitidis,Proteobacteria,Gammaproteobacteria,Betaproteobacteriales,Neisseriaceae,Neisseria,Neisseria meningitidis
ASV1311,d0_8,8,0,0.010770975,fixed,d,0.162748878,0.033509,4.856870618,1.19E-06,1.19E-06,P-Value < 0.05,Proteobacteria;Gammaproteobacteria;Betaproteobacteriales;Neisseriaceae;Neisseria;Neisseria meningitidis,Proteobacteria,Gammaproteobacteria,Betaproteobacteriales,Neisseriaceae,Neisseria,Neisseria meningitidis
ASV1311,d7_11,11,7,0.005896226,fixed,d,0.162748878,0.033509,4.856870618,1.19E-06,1.19E-06,P-Value < 0.05,Proteobacteria;Gammaproteobacteria;Betaproteobacteriales;Neisseriaceae;Neisseria;Neisseria meningitidis,Proteobacteria,Gammaproteobacteria,Betaproteobacteriales,Neisseriaceae,Neisseria,Neisseria meningitidis
ASV1311,d7_12,12,7,0.004714202,fixed,d,0.162748878,0.033509,4.856870618,1.19E-06,1.19E-06,P-Value < 0.05,Proteobacteria;Gammaproteobacteria;Betaproteobacteriales;Neisseriaceae;Neisseria;Neisseria meningitidis,Proteobacteria,Gammaproteobacteria,Betaproteobacteriales,Neisseriaceae,Neisseria,Neisseria meningitidis
ASV1311,d0_14,14,0,0.002047782,fixed,d,0.162748878,0.033509,4.856870618,1.19E-06,1.19E-06,P-Value < 0.05,Proteobacteria;Gammaproteobacteria;Betaproteobacteriales;Neisseriaceae;Neisseria;Neisseria meningitidis,Proteobacteria,Gammaproteobacteria,Betaproteobacteriales,Neisseriaceae,Neisseria,Neisseria meningitidis
ASV344,d0_2,2,0,0.003612282,fixed,d,0.230235152,0.057968,3.971762898,7.13E-05,7.13E-05,P-Value < 0.05,Bacteroidetes;Bacteroidia;Bacteroidales;Tannerellaceae;Parabacteroides;Porphyromonadaceae bacterium DJF_B175,Bacteroidetes,Bacteroidia,Bacteroidales,Tannerellaceae,Parabacteroides,Porphyromonadaceae bacterium DJF_B175
ASV344,d14_4,4,14,0.034278181,fixed,d,0.230235152,0.057968,3.971762898,7.13E-05,7.13E-05,P-Value < 0.05,Bacteroidetes;Bacteroidia;Bacteroidales;Tannerellaceae;Parabacteroides;Porphyromonadaceae bacterium DJF_B175,Bacteroidetes,Bacteroidia,Bacteroidales,Tannerellaceae,Parabacteroides,Porphyromonadaceae bacterium DJF_B175
ASV344,d0_6,6,0,0.002729258,fixed,d,0.230235152,0.057968,3.971762898,7.13E-05,7.13E-05,P-Value < 0.05,Bacteroidetes;Bacteroidia;Bacteroidales;Tannerellaceae;Parabacteroides;Porphyromonadaceae bacterium DJF_B175,Bacteroidetes,Bacteroidia,Bacteroidales,Tannerellaceae,Parabacteroides,Porphyromonadaceae bacterium DJF_B175
ASV344,d7_11,11,7,0.001768868,fixed,d,0.230235152,0.057968,3.971762898,7.13E-05,7.13E-05,P-Value < 0.05,Bacteroidetes;Bacteroidia;Bacteroidales;Tannerellaceae;Parabacteroides;Porphyromonadaceae bacterium DJF_B175,Bacteroidetes,Bacteroidia,Bacteroidales,Tannerellaceae,Parabacteroides,Porphyromonadaceae bacterium DJF_B175
ASV344,d14_13,13,14,0.050035236,fixed,d,0.230235152,0.057968,3.971762898,7.13E-05,7.13E-05,P-Value < 0.05,Bacteroidetes;Bacteroidia;Bacteroidales;Tannerellaceae;Parabacteroides;Porphyromonadaceae bacterium DJF_B175,Bacteroidetes,Bacteroidia,Bacteroidales,Tannerellaceae,Parabacteroides,Porphyromonadaceae bacterium DJF_B175
ASV344,d14_24,24,14,0.036652835,fixed,d,0.230235152,0.057968,3.971762898,7.13E-05,7.13E-05,P-Value < 0.05,Bacteroidetes;Bacteroidia;Bacteroidales;Tannerellaceae;Parabacteroides;Porphyromonadaceae bacterium DJF_B175,Bacteroidetes,Bacteroidia,Bacteroidales,Tannerellaceae,Parabacteroides,Porphyromonadaceae bacterium DJF_B175
ASV824,d0_2,2,0,0.003010235,fixed,d,-0.053608894,0.026309,-2.037663678,0.041583579,0.041583579,P-Value < 0.05,Firmicutes;Clostridia;Clostridiales;Lachnospiraceae;[Ruminococcus] gnavus group;[Ruminococcus] gnavus group,Firmicutes,Clostridia,Clostridiales,Lachnospiraceae,[Ruminococcus] gnavus group,Ruminococcus gnavus group
ASV824,d14_2,2,14,0.001869159,fixed,d,-0.053608894,0.026309,-2.037663678,0.041583579,0.041583579,P-Value < 0.05,Firmicutes;Clostridia;Clostridiales;Lachnospiraceae;[Ruminococcus] gnavus group;[Ruminococcus] gnavus group,Firmicutes,Clostridia,Clostridiales,Lachnospiraceae,[Ruminococcus] gnavus group,Ruminococcus gnavus group
ASV824,d0_3,3,0,0.011699164,fixed,d,-0.053608894,0.026309,-2.037663678,0.041583579,0.041583579,P-Value < 0.05,Firmicutes;Clostridia;Clostridiales;Lachnospiraceae;[Ruminococcus] gnavus group;[Ruminococcus] gnavus group,Firmicutes,Clostridia,Clostridiales,Lachnospiraceae,[Ruminococcus] gnavus group,Ruminococcus gnavus group
ASV824,d0_4,4,0,0.014356709,fixed,d,-0.053608894,0.026309,-2.037663678,0.041583579,0.041583579,P-Value < 0.05,Firmicutes;Clostridia;Clostridiales;Lachnospiraceae;[Ruminococcus] gnavus group;[Ruminococcus] gnavus group,Firmicutes,Clostridia,Clostridiales,Lachnospiraceae,[Ruminococcus] gnavus group,Ruminococcus gnavus group
ASV824,d0_5,5,0,0.013079019,fixed,d,-0.053608894,0.026309,-2.037663678,0.041583579,0.041583579,P-Value < 0.05,Firmicutes;Clostridia;Clostridiales;Lachnospiraceae;[Ruminococcus] gnavus group;[Ruminococcus] gnavus group,Firmicutes,Clostridia,Clostridiales,Lachnospiraceae,[Ruminococcus] gnavus group,Ruminococcus gnavus group
ASV824,d0_7,7,0,0.001640241,fixed,d,-0.053608894,0.026309,-2.037663678,0.041583579,0.041583579,P-Value < 0.05,Firmicutes;Clostridia;Clostridiales;Lachnospiraceae;[Ruminococcus] gnavus group;[Ruminococcus] gnavus group,Firmicutes,Clostridia,Clostridiales,Lachnospiraceae,[Ruminococcus] gnavus group,Ruminococcus gnavus group
ASV824,d0_8,8,0,0.005102041,fixed,d,-0.053608894,0.026309,-2.037663678,0.041583579,0.041583579,P-Value < 0.05,Firmicutes;Clostridia;Clostridiales;Lachnospiraceae;[Ruminococcus] gnavus group;[Ruminococcus] gnavus group,Firmicutes,Clostridia,Clostridiales,Lachnospiraceae,[Ruminococcus] gnavus group,Ruminococcus gnavus group
ASV824,d14_8,8,14,0.004640371,fixed,d,-0.053608894,0.026309,-2.037663678,0.041583579,0.041583579,P-Value < 0.05,Firmicutes;Clostridia;Clostridiales;Lachnospiraceae;[Ruminococcus] gnavus group;[Ruminococcus] gnavus group,Firmicutes,Clostridia,Clostridiales,Lachnospiraceae,[Ruminococcus] gnavus group,Ruminococcus gnavus group
ASV824,d0_11,11,0,0.01046798,fixed,d,-0.053608894,0.026309,-2.037663678,0.041583579,0.041583579,P-Value < 0.05,Firmicutes;Clostridia;Clostridiales;Lachnospiraceae;[Ruminococcus] gnavus group;[Ruminococcus] gnavus group,Firmicutes,Clostridia,Clostridiales,Lachnospiraceae,[Ruminococcus] gnavus group,Ruminococcus gnavus group
ASV824,d7_12,12,7,0.011196229,fixed,d,-0.053608894,0.026309,-2.037663678,0.041583579,0.041583579,P-Value < 0.05,Firmicutes;Clostridia;Clostridiales;Lachnospiraceae;[Ruminococcus] gnavus group;[Ruminococcus] gnavus group,Firmicutes,Clostridia,Clostridiales,Lachnospiraceae,[Ruminococcus] gnavus group,Ruminococcus gnavus group
ASV824,d0_13,13,0,0.004787552,fixed,d,-0.053608894,0.026309,-2.037663678,0.041583579,0.041583579,P-Value < 0.05,Firmicutes;Clostridia;Clostridiales;Lachnospiraceae;[Ruminococcus] gnavus group;[Ruminococcus] gnavus group,Firmicutes,Clostridia,Clostridiales,Lachnospiraceae,[Ruminococcus] gnavus group,Ruminococcus gnavus group
ASV824,d7_13,13,7,0.002662407,fixed,d,-0.053608894,0.026309,-2.037663678,0.041583579,0.041583579,P-Value < 0.05,Firmicutes;Clostridia;Clostridiales;Lachnospiraceae;[Ruminococcus] gnavus group;[Ruminococcus] gnavus group,Firmicutes,Clostridia,Clostridiales,Lachnospiraceae,[Ruminococcus] gnavus group,Ruminococcus gnavus group
ASV824,d14_16,16,14,0.008879023,fixed,d,-0.053608894,0.026309,-2.037663678,0.041583579,0.041583579,P-Value < 0.05,Firmicutes;Clostridia;Clostridiales;Lachnospiraceae;[Ruminococcus] gnavus group;[Ruminococcus] gnavus group,Firmicutes,Clostridia,Clostridiales,Lachnospiraceae,[Ruminococcus] gnavus group,Ruminococcus gnavus group
ASV824,d7_17,17,7,0.005390836,fixed,d,-0.053608894,0.026309,-2.037663678,0.041583579,0.041583579,P-Value < 0.05,Firmicutes;Clostridia;Clostridiales;Lachnospiraceae;[Ruminococcus] gnavus group;[Ruminococcus] gnavus group,Firmicutes,Clostridia,Clostridiales,Lachnospiraceae,[Ruminococcus] gnavus group,Ruminococcus gnavus group
ASV824,d14_17,17,14,0.000535619,fixed,d,-0.053608894,0.026309,-2.037663678,0.041583579,0.041583579,P-Value < 0.05,Firmicutes;Clostridia;Clostridiales;Lachnospiraceae;[Ruminococcus] gnavus group;[Ruminococcus] gnavus group,Firmicutes,Clostridia,Clostridiales,Lachnospiraceae,[Ruminococcus] gnavus group,Ruminococcus gnavus group
ASV824,d0_20,20,0,0.017211704,fixed,d,-0.053608894,0.026309,-2.037663678,0.041583579,0.041583579,P-Value < 0.05,Firmicutes;Clostridia;Clostridiales;Lachnospiraceae;[Ruminococcus] gnavus group;[Ruminococcus] gnavus group,Firmicutes,Clostridia,Clostridiales,Lachnospiraceae,[Ruminococcus] gnavus group,Ruminococcus gnavus group
ASV824,d7_20,20,7,0.000530223,fixed,d,-0.053608894,0.026309,-2.037663678,0.041583579,0.041583579,P-Value < 0.05,Firmicutes;Clostridia;Clostridiales;Lachnospiraceae;[Ruminococcus] gnavus group;[Ruminococcus] gnavus group,Firmicutes,Clostridia,Clostridiales,Lachnospiraceae,[Ruminococcus] gnavus group,Ruminococcus gnavus group
ASV824,d14_24,24,14,0.008298755,fixed,d,-0.053608894,0.026309,-2.037663678,0.041583579,0.041583579,P-Value < 0.05,Firmicutes;Clostridia;Clostridiales;Lachnospiraceae;[Ruminococcus] gnavus group;[Ruminococcus] gnavus group,Firmicutes,Clostridia,Clostridiales,Lachnospiraceae,[Ruminococcus] gnavus group,Ruminococcus gnavus group
ASV824,d14_25,25,14,0.00267666,fixed,d,-0.053608894,0.026309,-2.037663678,0.041583579,0.041583579,P-Value < 0.05,Firmicutes;Clostridia;Clostridiales;Lachnospiraceae;[Ruminococcus] gnavus group;[Ruminococcus] gnavus group,Firmicutes,Clostridia,Clostridiales,Lachnospiraceae,[Ruminococcus] gnavus group,Ruminococcus gnavus group
ASV824,d14_26,26,14,0.001787843,fixed,d,-0.053608894,0.026309,-2.037663678,0.041583579,0.041583579,P-Value < 0.05,Firmicutes;Clostridia;Clostridiales;Lachnospiraceae;[Ruminococcus] gnavus group;[Ruminococcus] gnavus group,Firmicutes,Clostridia,Clostridiales,Lachnospiraceae,[Ruminococcus] gnavus group,Ruminococcus gnavus group
ASV824,d7_27,27,7,0.001644737,fixed,d,-0.053608894,0.026309,-2.037663678,0.041583579,0.041583579,P-Value < 0.05,Firmicutes;Clostridia;Clostridiales;Lachnospiraceae;[Ruminococcus] gnavus group;[Ruminococcus] gnavus group,Firmicutes,Clostridia,Clostridiales,Lachnospiraceae,[Ruminococcus] gnavus group,Ruminococcus gnavus group
ASV618,d7_2,2,7,0.002679528,fixed,d,-0.126484257,0.056876,-2.223859915,0.026157871,0.026157871,P-Value < 0.05,Firmicutes;Bacilli;Bacillales;Staphylococcaceae;Staphylococcus;Staphylococcus sciuri,Firmicutes,Bacilli,Bacillales,Staphylococcaceae,Staphylococcus,Staphylococcus sciuri
ASV618,d0_3,3,0,0.017827298,fixed,d,-0.126484257,0.056876,-2.223859915,0.026157871,0.026157871,P-Value < 0.05,Firmicutes;Bacilli;Bacillales;Staphylococcaceae;Staphylococcus;Staphylococcus sciuri,Firmicutes,Bacilli,Bacillales,Staphylococcaceae,Staphylococcus,Staphylococcus sciuri
ASV618,d0_4,4,0,0.011595803,fixed,d,-0.126484257,0.056876,-2.223859915,0.026157871,0.026157871,P-Value < 0.05,Firmicutes;Bacilli;Bacillales;Staphylococcaceae;Staphylococcus;Staphylococcus sciuri,Firmicutes,Bacilli,Bacillales,Staphylococcaceae,Staphylococcus,Staphylococcus sciuri
ASV618,d0_5,5,0,0.010354223,fixed,d,-0.126484257,0.056876,-2.223859915,0.026157871,0.026157871,P-Value < 0.05,Firmicutes;Bacilli;Bacillales;Staphylococcaceae;Staphylococcus;Staphylococcus sciuri,Firmicutes,Bacilli,Bacillales,Staphylococcaceae,Staphylococcus,Staphylococcus sciuri
ASV618,d7_5,5,7,0.000580046,fixed,d,-0.126484257,0.056876,-2.223859915,0.026157871,0.026157871,P-Value < 0.05,Firmicutes;Bacilli;Bacillales;Staphylococcaceae;Staphylococcus;Staphylococcus sciuri,Firmicutes,Bacilli,Bacillales,Staphylococcaceae,Staphylococcus,Staphylococcus sciuri
ASV618,d0_7,7,0,0.004373975,fixed,d,-0.126484257,0.056876,-2.223859915,0.026157871,0.026157871,P-Value < 0.05,Firmicutes;Bacilli;Bacillales;Staphylococcaceae;Staphylococcus;Staphylococcus sciuri,Firmicutes,Bacilli,Bacillales,Staphylococcaceae,Staphylococcus,Staphylococcus sciuri
ASV618,d7_8,8,7,0.001615509,fixed,d,-0.126484257,0.056876,-2.223859915,0.026157871,0.026157871,P-Value < 0.05,Firmicutes;Bacilli;Bacillales;Staphylococcaceae;Staphylococcus;Staphylococcus sciuri,Firmicutes,Bacilli,Bacillales,Staphylococcaceae,Staphylococcus,Staphylococcus sciuri
ASV618,d0_11,11,0,0.044334975,fixed,d,-0.126484257,0.056876,-2.223859915,0.026157871,0.026157871,P-Value < 0.05,Firmicutes;Bacilli;Bacillales;Staphylococcaceae;Staphylococcus;Staphylococcus sciuri,Firmicutes,Bacilli,Bacillales,Staphylococcaceae,Staphylococcus,Staphylococcus sciuri
ASV618,d0_14,14,0,0.000682594,fixed,d,-0.126484257,0.056876,-2.223859915,0.026157871,0.026157871,P-Value < 0.05,Firmicutes;Bacilli;Bacillales;Staphylococcaceae;Staphylococcus;Staphylococcus sciuri,Firmicutes,Bacilli,Bacillales,Staphylococcaceae,Staphylococcus,Staphylococcus sciuri
ASV618,d7_17,17,7,0.000539084,fixed,d,-0.126484257,0.056876,-2.223859915,0.026157871,0.026157871,P-Value < 0.05,Firmicutes;Bacilli;Bacillales;Staphylococcaceae;Staphylococcus;Staphylococcus sciuri,Firmicutes,Bacilli,Bacillales,Staphylococcaceae,Staphylococcus,Staphylococcus sciuri
ASV618,d14_17,17,14,0.001071237,fixed,d,-0.126484257,0.056876,-2.223859915,0.026157871,0.026157871,P-Value < 0.05,Firmicutes;Bacilli;Bacillales;Staphylococcaceae;Staphylococcus;Staphylococcus sciuri,Firmicutes,Bacilli,Bacillales,Staphylococcaceae,Staphylococcus,Staphylococcus sciuri
ASV618,d0_20,20,0,0.023522662,fixed,d,-0.126484257,0.056876,-2.223859915,0.026157871,0.026157871,P-Value < 0.05,Firmicutes;Bacilli;Bacillales;Staphylococcaceae;Staphylococcus;Staphylococcus sciuri,Firmicutes,Bacilli,Bacillales,Staphylococcaceae,Staphylococcus,Staphylococcus sciuri
ASV618,d7_20,20,7,0.002651113,fixed,d,-0.126484257,0.056876,-2.223859915,0.026157871,0.026157871,P-Value < 0.05,Firmicutes;Bacilli;Bacillales;Staphylococcaceae;Staphylococcus;Staphylococcus sciuri,Firmicutes,Bacilli,Bacillales,Staphylococcaceae,Staphylococcus,Staphylococcus sciuri
ASV618,d0_22,22,0,0.003921569,fixed,d,-0.126484257,0.056876,-2.223859915,0.026157871,0.026157871,P-Value < 0.05,Firmicutes;Bacilli;Bacillales;Staphylococcaceae;Staphylococcus;Staphylococcus sciuri,Firmicutes,Bacilli,Bacillales,Staphylococcaceae,Staphylococcus,Staphylococcus sciuri
ASV618,d7_25,25,7,0.001104972,fixed,d,-0.126484257,0.056876,-2.223859915,0.026157871,0.026157871,P-Value < 0.05,Firmicutes;Bacilli;Bacillales;Staphylococcaceae;Staphylococcus;Staphylococcus sciuri,Firmicutes,Bacilli,Bacillales,Staphylococcaceae,Staphylococcus,Staphylococcus sciuri
ASV1439,d7_11,11,7,0.006485849,fixed,d,0.200816393,0.083524,2.404295688,0.016203661,0.016203661,P-Value < 0.05,Spirochaetes;Spirochaetia;Spirochaetales;Spirochaetaceae;Treponema 2;Treponema berlinense,Spirochaetes,Spirochaetia,Spirochaetales,Spirochaetaceae,Treponema 2,Treponema berlinense
ASV1439,d14_11,11,14,0.039322034,fixed,d,0.200816393,0.083524,2.404295688,0.016203661,0.016203661,P-Value < 0.05,Spirochaetes;Spirochaetia;Spirochaetales;Spirochaetaceae;Treponema 2;Treponema berlinense,Spirochaetes,Spirochaetia,Spirochaetales,Spirochaetaceae,Treponema 2,Treponema berlinense
ASV1439,d14_24,24,14,0.020055325,fixed,d,0.200816393,0.083524,2.404295688,0.016203661,0.016203661,P-Value < 0.05,Spirochaetes;Spirochaetia;Spirochaetales;Spirochaetaceae;Treponema 2;Treponema berlinense,Spirochaetes,Spirochaetia,Spirochaetales,Spirochaetaceae,Treponema 2,Treponema berlinense
ASV1047,d0_6,6,0,0.003820961,fixed,d,0.249925374,0.045828,5.453551843,4.94E-08,4.94E-08,P-Value < 0.05,Kiritimatiellaeota;Kiritimatiellae;WCHB1-41;uncultured bacterium;uncultured bacterium;uncultured bacterium,Kiritimatiellaeota,Kiritimatiellae,WCHB1-41,uncultured bacterium,uncultured bacterium,WCHB1-41*
ASV1047,d7_6,6,7,0.004874652,fixed,d,0.249925374,0.045828,5.453551843,4.94E-08,4.94E-08,P-Value < 0.05,Kiritimatiellaeota;Kiritimatiellae;WCHB1-41;uncultured bacterium;uncultured bacterium;uncultured bacterium,Kiritimatiellaeota,Kiritimatiellae,WCHB1-41,uncultured bacterium,uncultured bacterium,WCHB1-41*
ASV1047,d0_7,7,0,0.002186987,fixed,d,0.249925374,0.045828,5.453551843,4.94E-08,4.94E-08,P-Value < 0.05,Kiritimatiellaeota;Kiritimatiellae;WCHB1-41;uncultured bacterium;uncultured bacterium;uncultured bacterium,Kiritimatiellaeota,Kiritimatiellae,WCHB1-41,uncultured bacterium,uncultured bacterium,WCHB1-41*
ASV1047,d14_11,11,14,0.066440678,fixed,d,0.249925374,0.045828,5.453551843,4.94E-08,4.94E-08,P-Value < 0.05,Kiritimatiellaeota;Kiritimatiellae;WCHB1-41;uncultured bacterium;uncultured bacterium;uncultured bacterium,Kiritimatiellaeota,Kiritimatiellae,WCHB1-41,uncultured bacterium,uncultured bacterium,WCHB1-41*
ASV281,d0_2,2,0,0.001806141,fixed,d,0.117197905,0.048621,2.41043797,0.015933381,0.015933381,P-Value < 0.05,Bacteroidetes;Bacteroidia;Bacteroidales;Prevotellaceae;Alloprevotella;uncultured bacterium,Bacteroidetes,Bacteroidia,Bacteroidales,Prevotellaceae,Alloprevotella,Alloprevotella*
ASV281,d14_3,3,14,0.036697248,fixed,d,0.117197905,0.048621,2.41043797,0.015933381,0.015933381,P-Value < 0.05,Bacteroidetes;Bacteroidia;Bacteroidales;Prevotellaceae;Alloprevotella;uncultured bacterium,Bacteroidetes,Bacteroidia,Bacteroidales,Prevotellaceae,Alloprevotella,Alloprevotella*
ASV281,d14_4,4,14,0.000659196,fixed,d,0.117197905,0.048621,2.41043797,0.015933381,0.015933381,P-Value < 0.05,Bacteroidetes;Bacteroidia;Bacteroidales;Prevotellaceae;Alloprevotella;uncultured bacterium,Bacteroidetes,Bacteroidia,Bacteroidales,Prevotellaceae,Alloprevotella,Alloprevotella*
ASV281,d7_5,5,7,0.005220418,fixed,d,0.117197905,0.048621,2.41043797,0.015933381,0.015933381,P-Value < 0.05,Bacteroidetes;Bacteroidia;Bacteroidales;Prevotellaceae;Alloprevotella;uncultured bacterium,Bacteroidetes,Bacteroidia,Bacteroidales,Prevotellaceae,Alloprevotella,Alloprevotella*
ASV281,d14_5,5,14,0.045807453,fixed,d,0.117197905,0.048621,2.41043797,0.015933381,0.015933381,P-Value < 0.05,Bacteroidetes;Bacteroidia;Bacteroidales;Prevotellaceae;Alloprevotella;uncultured bacterium,Bacteroidetes,Bacteroidia,Bacteroidales,Prevotellaceae,Alloprevotella,Alloprevotella*
ASV281,d0_6,6,0,0.001637555,fixed,d,0.117197905,0.048621,2.41043797,0.015933381,0.015933381,P-Value < 0.05,Bacteroidetes;Bacteroidia;Bacteroidales;Prevotellaceae;Alloprevotella;uncultured bacterium,Bacteroidetes,Bacteroidia,Bacteroidales,Prevotellaceae,Alloprevotella,Alloprevotella*
ASV281,d14_6,6,14,0.019176136,fixed,d,0.117197905,0.048621,2.41043797,0.015933381,0.015933381,P-Value < 0.05,Bacteroidetes;Bacteroidia;Bacteroidales;Prevotellaceae;Alloprevotella;uncultured bacterium,Bacteroidetes,Bacteroidia,Bacteroidales,Prevotellaceae,Alloprevotella,Alloprevotella*
ASV281,d14_7,7,14,0.003248511,fixed,d,0.117197905,0.048621,2.41043797,0.015933381,0.015933381,P-Value < 0.05,Bacteroidetes;Bacteroidia;Bacteroidales;Prevotellaceae;Alloprevotella;uncultured bacterium,Bacteroidetes,Bacteroidia,Bacteroidales,Prevotellaceae,Alloprevotella,Alloprevotella*
ASV281,d7_11,11,7,0.004127358,fixed,d,0.117197905,0.048621,2.41043797,0.015933381,0.015933381,P-Value < 0.05,Bacteroidetes;Bacteroidia;Bacteroidales;Prevotellaceae;Alloprevotella;uncultured bacterium,Bacteroidetes,Bacteroidia,Bacteroidales,Prevotellaceae,Alloprevotella,Alloprevotella*
ASV281,d14_16,16,14,0.013873474,fixed,d,0.117197905,0.048621,2.41043797,0.015933381,0.015933381,P-Value < 0.05,Bacteroidetes;Bacteroidia;Bacteroidales;Prevotellaceae;Alloprevotella;uncultured bacterium,Bacteroidetes,Bacteroidia,Bacteroidales,Prevotellaceae,Alloprevotella,Alloprevotella*
ASV281,d14_17,17,14,0.00374933,fixed,d,0.117197905,0.048621,2.41043797,0.015933381,0.015933381,P-Value < 0.05,Bacteroidetes;Bacteroidia;Bacteroidales;Prevotellaceae;Alloprevotella;uncultured bacterium,Bacteroidetes,Bacteroidia,Bacteroidales,Prevotellaceae,Alloprevotella,Alloprevotella*
ASV281,d7_22,22,7,0.001077586,fixed,d,0.117197905,0.048621,2.41043797,0.015933381,0.015933381,P-Value < 0.05,Bacteroidetes;Bacteroidia;Bacteroidales;Prevotellaceae;Alloprevotella;uncultured bacterium,Bacteroidetes,Bacteroidia,Bacteroidales,Prevotellaceae,Alloprevotella,Alloprevotella*
ASV281,d14_22,22,14,0.011777302,fixed,d,0.117197905,0.048621,2.41043797,0.015933381,0.015933381,P-Value < 0.05,Bacteroidetes;Bacteroidia;Bacteroidales;Prevotellaceae;Alloprevotella;uncultured bacterium,Bacteroidetes,Bacteroidia,Bacteroidales,Prevotellaceae,Alloprevotella,Alloprevotella*
ASV281,d7_24,24,7,0.01339014,fixed,d,0.117197905,0.048621,2.41043797,0.015933381,0.015933381,P-Value < 0.05,Bacteroidetes;Bacteroidia;Bacteroidales;Prevotellaceae;Alloprevotella;uncultured bacterium,Bacteroidetes,Bacteroidia,Bacteroidales,Prevotellaceae,Alloprevotella,Alloprevotella*
ASV281,d14_25,25,14,0.000535332,fixed,d,0.117197905,0.048621,2.41043797,0.015933381,0.015933381,P-Value < 0.05,Bacteroidetes;Bacteroidia;Bacteroidales;Prevotellaceae;Alloprevotella;uncultured bacterium,Bacteroidetes,Bacteroidia,Bacteroidales,Prevotellaceae,Alloprevotella,Alloprevotella*
ASV281,d7_27,27,7,0.000548246,fixed,d,0.117197905,0.048621,2.41043797,0.015933381,0.015933381,P-Value < 0.05,Bacteroidetes;Bacteroidia;Bacteroidales;Prevotellaceae;Alloprevotella;uncultured bacterium,Bacteroidetes,Bacteroidia,Bacteroidales,Prevotellaceae,Alloprevotella,Alloprevotella*
ASV310,d0_2,2,0,0.011438892,fixed,d,-0.108519174,0.040529,-2.677568513,0.007415868,0.007415868,P-Value < 0.05,Bacteroidetes;Bacteroidia;Bacteroidales;Prevotellaceae;Prevotellaceae NK3B31 group;uncultured bacterium,Bacteroidetes,Bacteroidia,Bacteroidales,Prevotellaceae,Prevotellaceae NK3B31 group,Prevotellaceae NK3B31 group*
ASV310,d0_4,4,0,0.010491441,fixed,d,-0.108519174,0.040529,-2.677568513,0.007415868,0.007415868,P-Value < 0.05,Bacteroidetes;Bacteroidia;Bacteroidales;Prevotellaceae;Prevotellaceae NK3B31 group;uncultured bacterium,Bacteroidetes,Bacteroidia,Bacteroidales,Prevotellaceae,Prevotellaceae NK3B31 group,Prevotellaceae NK3B31 group*
ASV310,d0_6,6,0,0.058951965,fixed,d,-0.108519174,0.040529,-2.677568513,0.007415868,0.007415868,P-Value < 0.05,Bacteroidetes;Bacteroidia;Bacteroidales;Prevotellaceae;Prevotellaceae NK3B31 group;uncultured bacterium,Bacteroidetes,Bacteroidia,Bacteroidales,Prevotellaceae,Prevotellaceae NK3B31 group,Prevotellaceae NK3B31 group*
ASV310,d0_8,8,0,0.015873016,fixed,d,-0.108519174,0.040529,-2.677568513,0.007415868,0.007415868,P-Value < 0.05,Bacteroidetes;Bacteroidia;Bacteroidales;Prevotellaceae;Prevotellaceae NK3B31 group;uncultured bacterium,Bacteroidetes,Bacteroidia,Bacteroidales,Prevotellaceae,Prevotellaceae NK3B31 group,Prevotellaceae NK3B31 group*
ASV310,d14_13,13,14,0.000704722,fixed,d,-0.108519174,0.040529,-2.677568513,0.007415868,0.007415868,P-Value < 0.05,Bacteroidetes;Bacteroidia;Bacteroidales;Prevotellaceae;Prevotellaceae NK3B31 group;uncultured bacterium,Bacteroidetes,Bacteroidia,Bacteroidales,Prevotellaceae,Prevotellaceae NK3B31 group,Prevotellaceae NK3B31 group*
ASV310,d14_16,16,14,0.004994451,fixed,d,-0.108519174,0.040529,-2.677568513,0.007415868,0.007415868,P-Value < 0.05,Bacteroidetes;Bacteroidia;Bacteroidales;Prevotellaceae;Prevotellaceae NK3B31 group;uncultured bacterium,Bacteroidetes,Bacteroidia,Bacteroidales,Prevotellaceae,Prevotellaceae NK3B31 group,Prevotellaceae NK3B31 group*
ASV310,d14_17,17,14,0.001071237,fixed,d,-0.108519174,0.040529,-2.677568513,0.007415868,0.007415868,P-Value < 0.05,Bacteroidetes;Bacteroidia;Bacteroidales;Prevotellaceae;Prevotellaceae NK3B31 group;uncultured bacterium,Bacteroidetes,Bacteroidia,Bacteroidales,Prevotellaceae,Prevotellaceae NK3B31 group,Prevotellaceae NK3B31 group*
ASV310,d7_22,22,7,0.001077586,fixed,d,-0.108519174,0.040529,-2.677568513,0.007415868,0.007415868,P-Value < 0.05,Bacteroidetes;Bacteroidia;Bacteroidales;Prevotellaceae;Prevotellaceae NK3B31 group;uncultured bacterium,Bacteroidetes,Bacteroidia,Bacteroidales,Prevotellaceae,Prevotellaceae NK3B31 group,Prevotellaceae NK3B31 group*
ASV310,d14_22,22,14,0.004282655,fixed,d,-0.108519174,0.040529,-2.677568513,0.007415868,0.007415868,P-Value < 0.05,Bacteroidetes;Bacteroidia;Bacteroidales;Prevotellaceae;Prevotellaceae NK3B31 group;uncultured bacterium,Bacteroidetes,Bacteroidia,Bacteroidales,Prevotellaceae,Prevotellaceae NK3B31 group,Prevotellaceae NK3B31 group*
ASV310,d7_24,24,7,0.020693853,fixed,d,-0.108519174,0.040529,-2.677568513,0.007415868,0.007415868,P-Value < 0.05,Bacteroidetes;Bacteroidia;Bacteroidales;Prevotellaceae;Prevotellaceae NK3B31 group;uncultured bacterium,Bacteroidetes,Bacteroidia,Bacteroidales,Prevotellaceae,Prevotellaceae NK3B31 group,Prevotellaceae NK3B31 group*
ASV310,d7_27,27,7,0.004934211,fixed,d,-0.108519174,0.040529,-2.677568513,0.007415868,0.007415868,P-Value < 0.05,Bacteroidetes;Bacteroidia;Bacteroidales;Prevotellaceae;Prevotellaceae NK3B31 group;uncultured bacterium,Bacteroidetes,Bacteroidia,Bacteroidales,Prevotellaceae,Prevotellaceae NK3B31 group,Prevotellaceae NK3B31 group*
ASV816,d0_2,2,0,0.008428657,fixed,d,-0.184053859,0.056795,-3.240670109,0.001192491,0.001192491,P-Value < 0.05,Firmicutes;Clostridia;Clostridiales;Lachnospiraceae;[Eubacterium] hallii group;uncultured bacterium,Firmicutes,Clostridia,Clostridiales,Lachnospiraceae,[Eubacterium] hallii group,Eubacterium hallii group*
ASV816,d14_7,7,14,0.001082837,fixed,d,-0.184053859,0.056795,-3.240670109,0.001192491,0.001192491,P-Value < 0.05,Firmicutes;Clostridia;Clostridiales;Lachnospiraceae;[Eubacterium] hallii group;uncultured bacterium,Firmicutes,Clostridia,Clostridiales,Lachnospiraceae,[Eubacterium] hallii group,Eubacterium hallii group*
ASV816,d0_12,12,0,0.039665971,fixed,d,-0.184053859,0.056795,-3.240670109,0.001192491,0.001192491,P-Value < 0.05,Firmicutes;Clostridia;Clostridiales;Lachnospiraceae;[Eubacterium] hallii group;uncultured bacterium,Firmicutes,Clostridia,Clostridiales,Lachnospiraceae,[Eubacterium] hallii group,Eubacterium hallii group*
ASV816,d14_13,13,14,0.000704722,fixed,d,-0.184053859,0.056795,-3.240670109,0.001192491,0.001192491,P-Value < 0.05,Firmicutes;Clostridia;Clostridiales;Lachnospiraceae;[Eubacterium] hallii group;uncultured bacterium,Firmicutes,Clostridia,Clostridiales,Lachnospiraceae,[Eubacterium] hallii group,Eubacterium hallii group*
ASV816,d7_16,16,7,0.004046243,fixed,d,-0.184053859,0.056795,-3.240670109,0.001192491,0.001192491,P-Value < 0.05,Firmicutes;Clostridia;Clostridiales;Lachnospiraceae;[Eubacterium] hallii group;uncultured bacterium,Firmicutes,Clostridia,Clostridiales,Lachnospiraceae,[Eubacterium] hallii group,Eubacterium hallii group*
ASV855,d0_2,2,0,0.000602047,fixed,d,-0.15579823,0.046795,-3.329377716,0.000870403,0.000870403,P-Value < 0.05,Firmicutes;Clostridia;Clostridiales;Peptostreptococcaceae;Terrisporobacter;uncultured bacterium,Firmicutes,Clostridia,Clostridiales,Peptostreptococcaceae,Terrisporobacter,Terrisporobacter*
ASV855,d7_3,3,7,0.00415677,fixed,d,-0.15579823,0.046795,-3.329377716,0.000870403,0.000870403,P-Value < 0.05,Firmicutes;Clostridia;Clostridiales;Peptostreptococcaceae;Terrisporobacter;uncultured bacterium,Firmicutes,Clostridia,Clostridiales,Peptostreptococcaceae,Terrisporobacter,Terrisporobacter*
ASV855,d0_6,6,0,0.02510917,fixed,d,-0.15579823,0.046795,-3.329377716,0.000870403,0.000870403,P-Value < 0.05,Firmicutes;Clostridia;Clostridiales;Peptostreptococcaceae;Terrisporobacter;uncultured bacterium,Firmicutes,Clostridia,Clostridiales,Peptostreptococcaceae,Terrisporobacter,Terrisporobacter*
ASV855,d14_8,8,14,0.000580046,fixed,d,-0.15579823,0.046795,-3.329377716,0.000870403,0.000870403,P-Value < 0.05,Firmicutes;Clostridia;Clostridiales;Peptostreptococcaceae;Terrisporobacter;uncultured bacterium,Firmicutes,Clostridia,Clostridiales,Peptostreptococcaceae,Terrisporobacter,Terrisporobacter*
ASV855,d7_11,11,7,0.007075472,fixed,d,-0.15579823,0.046795,-3.329377716,0.000870403,0.000870403,P-Value < 0.05,Firmicutes;Clostridia;Clostridiales;Peptostreptococcaceae;Terrisporobacter;uncultured bacterium,Firmicutes,Clostridia,Clostridiales,Peptostreptococcaceae,Terrisporobacter,Terrisporobacter*
ASV855,d0_12,12,0,0.035490605,fixed,d,-0.15579823,0.046795,-3.329377716,0.000870403,0.000870403,P-Value < 0.05,Firmicutes;Clostridia;Clostridiales;Peptostreptococcaceae;Terrisporobacter;uncultured bacterium,Firmicutes,Clostridia,Clostridiales,Peptostreptococcaceae,Terrisporobacter,Terrisporobacter*
ASV855,d7_12,12,7,0.008249853,fixed,d,-0.15579823,0.046795,-3.329377716,0.000870403,0.000870403,P-Value < 0.05,Firmicutes;Clostridia;Clostridiales;Peptostreptococcaceae;Terrisporobacter;uncultured bacterium,Firmicutes,Clostridia,Clostridiales,Peptostreptococcaceae,Terrisporobacter,Terrisporobacter*
ASV855,d14_13,13,14,0.000704722,fixed,d,-0.15579823,0.046795,-3.329377716,0.000870403,0.000870403,P-Value < 0.05,Firmicutes;Clostridia;Clostridiales;Peptostreptococcaceae;Terrisporobacter;uncultured bacterium,Firmicutes,Clostridia,Clostridiales,Peptostreptococcaceae,Terrisporobacter,Terrisporobacter*
ASV855,d0_14,14,0,0.003412969,fixed,d,-0.15579823,0.046795,-3.329377716,0.000870403,0.000870403,P-Value < 0.05,Firmicutes;Clostridia;Clostridiales;Peptostreptococcaceae;Terrisporobacter;uncultured bacterium,Firmicutes,Clostridia,Clostridiales,Peptostreptococcaceae,Terrisporobacter,Terrisporobacter*
ASV855,d14_16,16,14,0.000554939,fixed,d,-0.15579823,0.046795,-3.329377716,0.000870403,0.000870403,P-Value < 0.05,Firmicutes;Clostridia;Clostridiales;Peptostreptococcaceae;Terrisporobacter;uncultured bacterium,Firmicutes,Clostridia,Clostridiales,Peptostreptococcaceae,Terrisporobacter,Terrisporobacter*
ASV855,d7_25,25,7,0.00441989,fixed,d,-0.15579823,0.046795,-3.329377716,0.000870403,0.000870403,P-Value < 0.05,Firmicutes;Clostridia;Clostridiales;Peptostreptococcaceae;Terrisporobacter;uncultured bacterium,Firmicutes,Clostridia,Clostridiales,Peptostreptococcaceae,Terrisporobacter,Terrisporobacter*
ASV855,d7_26,26,7,0.001656543,fixed,d,-0.15579823,0.046795,-3.329377716,0.000870403,0.000870403,P-Value < 0.05,Firmicutes;Clostridia;Clostridiales;Peptostreptococcaceae;Terrisporobacter;uncultured bacterium,Firmicutes,Clostridia,Clostridiales,Peptostreptococcaceae,Terrisporobacter,Terrisporobacter*
ASV273,d0_2,2,0,0.010836845,fixed,d,0.126424895,0.026942,4.69248368,2.70E-06,2.70E-06,P-Value < 0.05,Bacteroidetes;Bacteroidia;Bacteroidales;Porphyromonadaceae;Porphyromonas;uncultured organism,Bacteroidetes,Bacteroidia,Bacteroidales,Porphyromonadaceae,Porphyromonas,Porphyromonas*
ASV273,d0_4,4,0,0.003313087,fixed,d,0.126424895,0.026942,4.69248368,2.70E-06,2.70E-06,P-Value < 0.05,Bacteroidetes;Bacteroidia;Bacteroidales;Porphyromonadaceae;Porphyromonas;uncultured organism,Bacteroidetes,Bacteroidia,Bacteroidales,Porphyromonadaceae,Porphyromonas,Porphyromonas*
ASV273,d14_5,5,14,0.037267081,fixed,d,0.126424895,0.026942,4.69248368,2.70E-06,2.70E-06,P-Value < 0.05,Bacteroidetes;Bacteroidia;Bacteroidales;Porphyromonadaceae;Porphyromonas;uncultured organism,Bacteroidetes,Bacteroidia,Bacteroidales,Porphyromonadaceae,Porphyromonas,Porphyromonas*
ASV273,d0_6,6,0,0.004366812,fixed,d,0.126424895,0.026942,4.69248368,2.70E-06,2.70E-06,P-Value < 0.05,Bacteroidetes;Bacteroidia;Bacteroidales;Porphyromonadaceae;Porphyromonas;uncultured organism,Bacteroidetes,Bacteroidia,Bacteroidales,Porphyromonadaceae,Porphyromonas,Porphyromonas*
ASV273,d0_14,14,0,0.006143345,fixed,d,0.126424895,0.026942,4.69248368,2.70E-06,2.70E-06,P-Value < 0.05,Bacteroidetes;Bacteroidia;Bacteroidales;Porphyromonadaceae;Porphyromonas;uncultured organism,Bacteroidetes,Bacteroidia,Bacteroidales,Porphyromonadaceae,Porphyromonas,Porphyromonas*
ASV916,d14_5,5,14,0.032608696,fixed,d,0.109930258,0.031945,3.441235177,0.000579065,0.000579065,P-Value < 0.05,Firmicutes;Clostridia;Clostridiales;Ruminococcaceae;Ruminococcaceae UCG-002;uncultured rumen bacterium,Firmicutes,Clostridia,Clostridiales,Ruminococcaceae,Ruminococcaceae UCG-002,Ruminococcaceae UCG-002*
ASV916,d0_6,6,0,0.00709607,fixed,d,0.109930258,0.031945,3.441235177,0.000579065,0.000579065,P-Value < 0.05,Firmicutes;Clostridia;Clostridiales;Ruminococcaceae;Ruminococcaceae UCG-002;uncultured rumen bacterium,Firmicutes,Clostridia,Clostridiales,Ruminococcaceae,Ruminococcaceae UCG-002,Ruminococcaceae UCG-002*
ASV916,d0_8,8,0,0.003968254,fixed,d,0.109930258,0.031945,3.441235177,0.000579065,0.000579065,P-Value < 0.05,Firmicutes;Clostridia;Clostridiales;Ruminococcaceae;Ruminococcaceae UCG-002;uncultured rumen bacterium,Firmicutes,Clostridia,Clostridiales,Ruminococcaceae,Ruminococcaceae UCG-002,Ruminococcaceae UCG-002*
ASV916,d14_13,13,14,0.024665257,fixed,d,0.109930258,0.031945,3.441235177,0.000579065,0.000579065,P-Value < 0.05,Firmicutes;Clostridia;Clostridiales;Ruminococcaceae;Ruminococcaceae UCG-002;uncultured rumen bacterium,Firmicutes,Clostridia,Clostridiales,Ruminococcaceae,Ruminococcaceae UCG-002,Ruminococcaceae UCG-002*